{"cameraMode":{"drawMode":0,"name":"Shaded","section":"Shading Mode"},"sceneLighting":false,"audioPlay":false,"sceneViewState":{"m_AlwaysRefresh":false,"showFog":true,"showSkybox":true,"showFlares":true,"showImageEffects":true,"showParticleSystems":true,"showVisualEffectGraphs":true,"m_FxEnabled":true},"in2DMode":false,"pivot":{"x":-0.000500023365020752,"y":0.000500023365020752,"z":-0.000500023365020752},"rotation":{"x":0.26886361837387087,"y":0.07215479761362076,"z":-0.020202666521072389,"w":0.9602593183517456},"size":1.2882829904556275,"orthographic":false}