{"cameraMode":{"drawMode":0,"name":"Shaded","section":"Shading Mode"},"sceneLighting":false,"audioPlay":false,"sceneViewState":{"m_AlwaysRefresh":false,"showFog":true,"showSkybox":true,"showFlares":true,"showImageEffects":true,"showParticleSystems":true,"showVisualEffectGraphs":true,"m_FxEnabled":true},"in2DMode":false,"pivot":{"x":-0.3868078589439392,"y":-0.13644002377986909,"z":-0.7346949577331543},"rotation":{"x":0.3298760652542114,"y":-0.41076329350471499,"z":0.16240906715393067,"w":0.8343161940574646},"size":2.04644775390625,"orthographic":false}