{"cameraMode":{"drawMode":0,"name":"Shaded","section":"Shading Mode"},"sceneLighting":false,"audioPlay":false,"sceneViewState":{"m_AlwaysRefresh":false,"showFog":true,"showSkybox":true,"showFlares":true,"showImageEffects":true,"showParticleSystems":true,"showVisualEffectGraphs":true,"m_FxEnabled":true},"in2DMode":false,"pivot":{"x":0.31775179505348208,"y":0.089989572763443,"z":-0.3910183012485504},"rotation":{"x":0.30611541867256167,"y":0.07074189186096192,"z":-0.022817319259047509,"w":0.9490950107574463},"size":1.6116442680358887,"orthographic":false}