{"cameraMode":{"drawMode":0,"name":"Shaded","section":"Shading Mode"},"sceneLighting":true,"audioPlay":false,"sceneViewState":{"m_AlwaysRefresh":false,"showFog":true,"showSkybox":true,"showFlares":true,"showImageEffects":true,"showParticleSystems":true,"showVisualEffectGraphs":true,"m_FxEnabled":true},"in2DMode":false,"pivot":{"x":-0.7145410776138306,"y":0.5811682343482971,"z":-0.21260617673397065},"rotation":{"x":0.207068532705307,"y":-0.11302031576633454,"z":0.02408970333635807,"w":0.9715025424957275},"size":2.7978804111480715,"orthographic":false}