Using pre-set license
Built from '2022.3/staging' branch; Version is '2022.3.29f1 (8d510ca76d2b) revision 9261324'; Using compiler version '192829333'; Build Type 'Release'
OS: 'Windows 10  (10.0.19045) 64bit Professional' Language: 'es' Physical Memory: 16275 MB
BatchMode: 1, IsHumanControllingUs: 0, StartBugReporterOnCrash: 0, Is64bit: 1, IsPro: 1

COMMAND LINE ARGUMENTS:
C:\Program Files\Unity\Hub\Editor\2022.3.29f1\Editor\Unity.exe
-adb2
-batchMode
-noUpm
-name
AssetImportWorker0
-projectPath
C:/Users/facub/Documents/ProyectoFinalDeCarrera/FrameworkCristalografia
-logFile
Logs/AssetImportWorker0.log
-srvPort
49267
Successfully changed project path to: C:/Users/facub/Documents/ProyectoFinalDeCarrera/FrameworkCristalografia
C:/Users/facub/Documents/ProyectoFinalDeCarrera/FrameworkCristalografia
[UnityMemory] Configuration Parameters - Can be set up in boot.config
    "memorysetup-bucket-allocator-granularity=16"
    "memorysetup-bucket-allocator-bucket-count=8"
    "memorysetup-bucket-allocator-block-size=33554432"
    "memorysetup-bucket-allocator-block-count=8"
    "memorysetup-main-allocator-block-size=16777216"
    "memorysetup-thread-allocator-block-size=16777216"
    "memorysetup-gfx-main-allocator-block-size=16777216"
    "memorysetup-gfx-thread-allocator-block-size=16777216"
    "memorysetup-cache-allocator-block-size=4194304"
    "memorysetup-typetree-allocator-block-size=2097152"
    "memorysetup-profiler-bucket-allocator-granularity=16"
    "memorysetup-profiler-bucket-allocator-bucket-count=8"
    "memorysetup-profiler-bucket-allocator-block-size=33554432"
    "memorysetup-profiler-bucket-allocator-block-count=8"
    "memorysetup-profiler-allocator-block-size=16777216"
    "memorysetup-profiler-editor-allocator-block-size=1048576"
    "memorysetup-temp-allocator-size-main=16777216"
    "memorysetup-job-temp-allocator-block-size=2097152"
    "memorysetup-job-temp-allocator-block-size-background=1048576"
    "memorysetup-job-temp-allocator-reduction-small-platforms=262144"
    "memorysetup-allocator-temp-initial-block-size-main=262144"
    "memorysetup-allocator-temp-initial-block-size-worker=262144"
    "memorysetup-temp-allocator-size-background-worker=32768"
    "memorysetup-temp-allocator-size-job-worker=262144"
    "memorysetup-temp-allocator-size-preload-manager=33554432"
    "memorysetup-temp-allocator-size-nav-mesh-worker=65536"
    "memorysetup-temp-allocator-size-audio-worker=65536"
    "memorysetup-temp-allocator-size-cloud-worker=32768"
    "memorysetup-temp-allocator-size-gi-baking-worker=262144"
    "memorysetup-temp-allocator-size-gfx=262144"
Player connection [21808] Host "[IP] 192.168.1.22 [Port] 0 [Flags] 2 [Guid] 1338568951 [EditorId] 1338568951 [Version] 1048832 [Id] WindowsEditor(7,Desktop-Facu-Pigüé) [Debug] 1 [PackageName] WindowsEditor [ProjectName] Editor" joined multi-casting on [225.0.0.222:54997]...

Player connection [21808] Host "[IP] 192.168.1.22 [Port] 0 [Flags] 2 [Guid] 1338568951 [EditorId] 1338568951 [Version] 1048832 [Id] WindowsEditor(7,Desktop-Facu-Pigüé) [Debug] 1 [PackageName] WindowsEditor [ProjectName] Editor" joined alternative multi-casting on [225.0.0.222:34997]...

[Physics::Module] Initialized MultithreadedJobDispatcher with 7 workers.
Refreshing native plugins compatible for Editor in 43.65 ms, found 7 plugins.
Preloading 2 native plugins for Editor in 3.12 ms.
Initialize engine version: 2022.3.29f1 (8d510ca76d2b)
[Subsystems] Discovering subsystems at path C:/Program Files/Unity/Hub/Editor/2022.3.29f1/Editor/Data/Resources/UnitySubsystems
[Subsystems] Discovering subsystems at path C:/Users/facub/Documents/ProyectoFinalDeCarrera/FrameworkCristalografia/Assets
GfxDevice: creating device client; threaded=0; jobified=0
Direct3D:
    Version:  Direct3D 11.0 [level 11.1]
    Renderer: NVIDIA GeForce GTX 1050 (ID=0x1c81)
    Vendor:   NVIDIA
    VRAM:     1962 MB
    Driver:   32.0.15.8228
Shader 'Clipping': fallback shader 'Transparent' not found
Initialize mono
Mono path[0] = 'C:/Program Files/Unity/Hub/Editor/2022.3.29f1/Editor/Data/Managed'
Mono path[1] = 'C:/Program Files/Unity/Hub/Editor/2022.3.29f1/Editor/Data/MonoBleedingEdge/lib/mono/unityjit-win32'
Mono config path = 'C:/Program Files/Unity/Hub/Editor/2022.3.29f1/Editor/Data/MonoBleedingEdge/etc'
Using monoOptions --debugger-agent=transport=dt_socket,embedding=1,server=y,suspend=n,address=127.0.0.1:56048
Begin MonoManager ReloadAssembly
Registering precompiled unity dll's ...
Register platform support module: C:/Program Files/Unity/Hub/Editor/2022.3.29f1/Editor/Data/PlaybackEngines/WebGLSupport/UnityEditor.WebGL.Extensions.dll
Register platform support module: C:/Program Files/Unity/Hub/Editor/2022.3.29f1/Editor/Data/PlaybackEngines/AndroidPlayer/UnityEditor.Android.Extensions.dll
Register platform support module: C:/Program Files/Unity/Hub/Editor/2022.3.29f1/Editor/Data/PlaybackEngines/WindowsStandaloneSupport/UnityEditor.WindowsStandalone.Extensions.dll
Registered in 0.017647 seconds.
- Loaded All Assemblies, in  0.449 seconds
Native extension for WindowsStandalone target not found
Native extension for Android target not found
Android Extension - Scanning For ADB Devices 270 ms
Native extension for WebGL target not found
Mono: successfully reloaded assembly
- Finished resetting the current domain, in  0.656 seconds
Domain Reload Profiling: 1102ms
	BeginReloadAssembly (132ms)
		ExecutionOrderSort (0ms)
		DisableScriptedObjects (0ms)
		BackupInstance (0ms)
		ReleaseScriptingObjects (0ms)
		CreateAndSetChildDomain (1ms)
	RebuildCommonClasses (42ms)
	RebuildNativeTypeToScriptingClass (11ms)
	initialDomainReloadingComplete (83ms)
	LoadAllAssembliesAndSetupDomain (178ms)
		LoadAssemblies (129ms)
		RebuildTransferFunctionScriptingTraits (0ms)
		AnalyzeDomain (175ms)
			TypeCache.Refresh (173ms)
				TypeCache.ScanAssembly (156ms)
			ScanForSourceGeneratedMonoScriptInfo (0ms)
			ResolveRequiredComponents (0ms)
	FinalizeReload (656ms)
		ReleaseScriptCaches (0ms)
		RebuildScriptCaches (0ms)
		SetupLoadedEditorAssemblies (588ms)
			LogAssemblyErrors (0ms)
			InitializePlatformSupportModulesInManaged (394ms)
			SetLoadedEditorAssemblies (4ms)
			RefreshPlugins (0ms)
			BeforeProcessingInitializeOnLoad (2ms)
			ProcessInitializeOnLoadAttributes (136ms)
			ProcessInitializeOnLoadMethodAttributes (52ms)
			AfterProcessingInitializeOnLoad (0ms)
			EditorAssembliesLoaded (0ms)
		ExecutionOrderSort2 (0ms)
		AwakeInstancesAfterBackupRestoration (0ms)
========================================================================
Worker process is ready to serve import requests
Begin MonoManager ReloadAssembly
Symbol file LoadedFromMemory is not a mono symbol file
- Loaded All Assemblies, in  1.089 seconds
Refreshing native plugins compatible for Editor in 17.28 ms, found 7 plugins.
Native extension for WindowsStandalone target not found
Native extension for Android target not found
Native extension for WebGL target not found
Package Manager log level set to [2]
[Package Manager] Server::EnsureServerProcessIsRunning -- launch failed, reason: Unity was launched with the -noUpm command-line argument
[Package Manager] UpmClient::Send -- Unable to send message (not connected to UPM process).
[Package Manager] Cannot connect to Unity Package Manager local server
Mono: successfully reloaded assembly
[Package Manager] Server::EnsureServerProcessIsRunning -- launch failed, reason: Unity was launched with the -noUpm command-line argument
[Package Manager] UpmClient::Send -- Unable to send message (not connected to UPM process).
[Package Manager] Cannot connect to Unity Package Manager local server
[Package Manager] Server::EnsureServerProcessIsRunning -- launch failed, reason: Unity was launched with the -noUpm command-line argument
[Package Manager] UpmClient::Send -- Unable to send message (not connected to UPM process).
[Package Manager] Cannot connect to Unity Package Manager local server
- Finished resetting the current domain, in  1.043 seconds
Domain Reload Profiling: 2120ms
	BeginReloadAssembly (181ms)
		ExecutionOrderSort (0ms)
		DisableScriptedObjects (5ms)
		BackupInstance (0ms)
		ReleaseScriptingObjects (0ms)
		CreateAndSetChildDomain (24ms)
	RebuildCommonClasses (37ms)
	RebuildNativeTypeToScriptingClass (12ms)
	initialDomainReloadingComplete (62ms)
	LoadAllAssembliesAndSetupDomain (784ms)
		LoadAssemblies (512ms)
		RebuildTransferFunctionScriptingTraits (0ms)
		AnalyzeDomain (383ms)
			TypeCache.Refresh (328ms)
				TypeCache.ScanAssembly (299ms)
			ScanForSourceGeneratedMonoScriptInfo (38ms)
			ResolveRequiredComponents (15ms)
	FinalizeReload (1043ms)
		ReleaseScriptCaches (0ms)
		RebuildScriptCaches (0ms)
		SetupLoadedEditorAssemblies (810ms)
			LogAssemblyErrors (0ms)
			InitializePlatformSupportModulesInManaged (33ms)
			SetLoadedEditorAssemblies (7ms)
			RefreshPlugins (0ms)
			BeforeProcessingInitializeOnLoad (129ms)
			ProcessInitializeOnLoadAttributes (541ms)
			ProcessInitializeOnLoadMethodAttributes (88ms)
			AfterProcessingInitializeOnLoad (12ms)
			EditorAssembliesLoaded (0ms)
		ExecutionOrderSort2 (0ms)
		AwakeInstancesAfterBackupRestoration (8ms)
Shader 'Clipping': fallback shader 'Transparent' not found
Launched and connected shader compiler UnityShaderCompiler.exe after 0.04 seconds
Refreshing native plugins compatible for Editor in 16.06 ms, found 7 plugins.
Preloading 2 native plugins for Editor in 0.12 ms.
Unloading 6739 Unused Serialized files (Serialized files now loaded: 0)
Unloading 99 unused Assets / (1.3 MB). Loaded Objects now: 7490.
Memory consumption went from 229.3 MB to 228.0 MB.
Total: 6.792100 ms (FindLiveObjects: 0.563200 ms CreateObjectMapping: 0.621100 ms MarkObjects: 4.779800 ms  DeleteObjects: 0.826600 ms)

AssetImportParameters requested are different than current active one (requested -> active):
  custom:container-demuxer-ogg: 62fdf1f143b41e24485cea50d1cbac27 -> 
  custom:framework-win-MediaFoundation: 216162199b28c13a410421893ffa2e32 -> 
  custom:container-muxer-webm: aa71ff27fc2769a1b78a27578f13a17b -> 
  custom:video-decoder-webm-vp8: 9c59270c3fd7afecdb556c50c9e8de78 -> 
  custom:SearchIndexIgnoredProperties: e643bd26f0fe6173181afceb89e7c659 -> 
  custom:AudioImporter_EditorPlatform: d09bf68614088b80899f8185d706f6e7 -> 
  custom:audio-decoder-ogg-vorbis: bf7c407c2cedff20999df2af8eb42d56 -> 
  custom:audio-encoder-webm-vorbis: bf7c407c2cedff20999df2af8eb42d56 -> 
  custom:video-decoder-ogg-theora: a1e56fd34408186e4bbccfd4996cb3dc -> 
  custom:CustomObjectIndexerAttribute: 9a22284fe3817be447336de3de66b15e -> 
  custom:container-demuxer-webm: 4f35f7cbe854078d1ac9338744f61a02 -> 
  custom:video-encoder-webm-vp8: eb34c28f22e8b96e1ab97ce403110664 -> 
========================================================================
Received Import Request.
  Time since last request: 119394.352512 seconds.
  path: Assets/TextMesh Pro/Examples & Extras/Resources/Fonts & Materials/Anton SDF.asset
  artifactKey: Guid(8a89fa14b10d46a99122fd4f73fca9a2) Importer(815301076,1909f56bfc062723c751e8b465ee728b)
Start importing Assets/TextMesh Pro/Examples & Extras/Resources/Fonts & Materials/Anton SDF.asset using Guid(8a89fa14b10d46a99122fd4f73fca9a2) Importer(815301076,1909f56bfc062723c751e8b465ee728b)  -> (artifact id: 'f8a4e41543f4f2f9ab8553c7fb546f41') in 0.117992 seconds
Number of updated asset objects reloaded before import = 0
Number of asset objects unloaded after import = 6
========================================================================
Received Import Request.
  Time since last request: 0.000031 seconds.
  path: Assets/TextMesh Pro/Examples & Extras/Resources/Fonts & Materials/EurostileExt-Normal Regular SDF.asset
  artifactKey: Guid(5e034382b4544404fa22bf958aec44e4) Importer(815301076,1909f56bfc062723c751e8b465ee728b)
Start importing Assets/TextMesh Pro/Examples & Extras/Resources/Fonts & Materials/EurostileExt-Normal Regular SDF.asset using Guid(5e034382b4544404fa22bf958aec44e4) Importer(815301076,1909f56bfc062723c751e8b465ee728b)  -> (artifact id: 'e2de861a7ef6dc037abedff46126ece3') in 0.035950 seconds
Number of updated asset objects reloaded before import = 0
Number of asset objects unloaded after import = 6
========================================================================
Received Import Request.
  Time since last request: 0.000015 seconds.
  path: Assets/TextMesh Pro/Resources/Fonts & Materials/LiberationSans SDF - Fallback.asset
  artifactKey: Guid(2e498d1c8094910479dc3e1b768306a4) Importer(815301076,1909f56bfc062723c751e8b465ee728b)
Start importing Assets/TextMesh Pro/Resources/Fonts & Materials/LiberationSans SDF - Fallback.asset using Guid(2e498d1c8094910479dc3e1b768306a4) Importer(815301076,1909f56bfc062723c751e8b465ee728b)  -> (artifact id: '9a9ef68272e5c7821410a9224785427c') in 0.023188 seconds
Number of updated asset objects reloaded before import = 0
Number of asset objects unloaded after import = 6
========================================================================
Received Import Request.
  Time since last request: 0.000016 seconds.
  path: Assets/TextMesh Pro/Examples & Extras/Resources/Fonts & Materials/Oswald Bold SDF.asset
  artifactKey: Guid(0161d805a3764c089bef00bfe00793f5) Importer(815301076,1909f56bfc062723c751e8b465ee728b)
Start importing Assets/TextMesh Pro/Examples & Extras/Resources/Fonts & Materials/Oswald Bold SDF.asset using Guid(0161d805a3764c089bef00bfe00793f5) Importer(815301076,1909f56bfc062723c751e8b465ee728b)  -> (artifact id: '887b48fe612800170d3ef86a674e5b07') in 0.018075 seconds
Number of updated asset objects reloaded before import = 0
Number of asset objects unloaded after import = 6
========================================================================
Received Import Request.
  Time since last request: 0.000015 seconds.
  path: Assets/TextMesh Pro/Examples & Extras/Resources/Fonts & Materials/texgyreheros-regular SDF.asset
  artifactKey: Guid(260f174d5cbea1045ba03fcd6bbe6fd5) Importer(815301076,1909f56bfc062723c751e8b465ee728b)
Start importing Assets/TextMesh Pro/Examples & Extras/Resources/Fonts & Materials/texgyreheros-regular SDF.asset using Guid(260f174d5cbea1045ba03fcd6bbe6fd5) Importer(815301076,1909f56bfc062723c751e8b465ee728b)  -> (artifact id: 'bf59e5777c25655938e2b7a729bd75e2') in 0.024229 seconds
Number of updated asset objects reloaded before import = 0
Number of asset objects unloaded after import = 6
========================================================================
Received Prepare
Begin MonoManager ReloadAssembly
Symbol file LoadedFromMemory is not a mono symbol file
- Loaded All Assemblies, in  0.813 seconds
Refreshing native plugins compatible for Editor in 37.94 ms, found 7 plugins.
Native extension for WindowsStandalone target not found
Native extension for Android target not found
Native extension for WebGL target not found
[Package Manager] Server::EnsureServerProcessIsRunning -- launch failed, reason: Unity was launched with the -noUpm command-line argument
[Package Manager] UpmClient::Send -- Unable to send message (not connected to UPM process).
[Package Manager] Cannot connect to Unity Package Manager local server
Mono: successfully reloaded assembly
[Package Manager] Server::EnsureServerProcessIsRunning -- launch failed, reason: Unity was launched with the -noUpm command-line argument
[Package Manager] UpmClient::Send -- Unable to send message (not connected to UPM process).
[Package Manager] Cannot connect to Unity Package Manager local server
- Finished resetting the current domain, in  2.002 seconds
Domain Reload Profiling: 2806ms
	BeginReloadAssembly (215ms)
		ExecutionOrderSort (0ms)
		DisableScriptedObjects (5ms)
		BackupInstance (0ms)
		ReleaseScriptingObjects (0ms)
		CreateAndSetChildDomain (58ms)
	RebuildCommonClasses (42ms)
	RebuildNativeTypeToScriptingClass (12ms)
	initialDomainReloadingComplete (46ms)
	LoadAllAssembliesAndSetupDomain (489ms)
		LoadAssemblies (558ms)
		RebuildTransferFunctionScriptingTraits (0ms)
		AnalyzeDomain (36ms)
			TypeCache.Refresh (10ms)
				TypeCache.ScanAssembly (0ms)
			ScanForSourceGeneratedMonoScriptInfo (0ms)
			ResolveRequiredComponents (23ms)
	FinalizeReload (2002ms)
		ReleaseScriptCaches (0ms)
		RebuildScriptCaches (0ms)
		SetupLoadedEditorAssemblies (853ms)
			LogAssemblyErrors (0ms)
			InitializePlatformSupportModulesInManaged (42ms)
			SetLoadedEditorAssemblies (7ms)
			RefreshPlugins (0ms)
			BeforeProcessingInitializeOnLoad (165ms)
			ProcessInitializeOnLoadAttributes (509ms)
			ProcessInitializeOnLoadMethodAttributes (113ms)
			AfterProcessingInitializeOnLoad (17ms)
			EditorAssembliesLoaded (0ms)
		ExecutionOrderSort2 (0ms)
		AwakeInstancesAfterBackupRestoration (16ms)
Shader 'Clipping': fallback shader 'Transparent' not found
Refreshing native plugins compatible for Editor in 22.48 ms, found 7 plugins.
Preloading 2 native plugins for Editor in 0.15 ms.
Unloading 6610 Unused Serialized files (Serialized files now loaded: 0)
Unloading 75 unused Assets / (1.2 MB). Loaded Objects now: 7537.
Memory consumption went from 212.5 MB to 211.3 MB.
Total: 11.947200 ms (FindLiveObjects: 1.007400 ms CreateObjectMapping: 2.023600 ms MarkObjects: 7.545000 ms  DeleteObjects: 1.370100 ms)

Prepare: number of updated asset objects reloaded= 0
AssetImportParameters requested are different than current active one (requested -> active):
  custom:container-demuxer-ogg: 62fdf1f143b41e24485cea50d1cbac27 -> 
  custom:framework-win-MediaFoundation: 216162199b28c13a410421893ffa2e32 -> 
  custom:container-muxer-webm: aa71ff27fc2769a1b78a27578f13a17b -> 
  custom:video-decoder-webm-vp8: 9c59270c3fd7afecdb556c50c9e8de78 -> 
  custom:SearchIndexIgnoredProperties: e643bd26f0fe6173181afceb89e7c659 -> 
  custom:AudioImporter_EditorPlatform: d09bf68614088b80899f8185d706f6e7 -> 
  custom:audio-decoder-ogg-vorbis: bf7c407c2cedff20999df2af8eb42d56 -> 
  custom:audio-encoder-webm-vorbis: bf7c407c2cedff20999df2af8eb42d56 -> 
  custom:video-decoder-ogg-theora: a1e56fd34408186e4bbccfd4996cb3dc -> 
  custom:CustomObjectIndexerAttribute: 9a22284fe3817be447336de3de66b15e -> 
  custom:container-demuxer-webm: 4f35f7cbe854078d1ac9338744f61a02 -> 
  custom:video-encoder-webm-vp8: eb34c28f22e8b96e1ab97ce403110664 -> 
========================================================================
Received Prepare
Begin MonoManager ReloadAssembly
Symbol file LoadedFromMemory is not a mono symbol file
- Loaded All Assemblies, in  0.769 seconds
Refreshing native plugins compatible for Editor in 16.94 ms, found 7 plugins.
Native extension for WindowsStandalone target not found
Native extension for Android target not found
Native extension for WebGL target not found
[Package Manager] Server::EnsureServerProcessIsRunning -- launch failed, reason: Unity was launched with the -noUpm command-line argument
[Package Manager] UpmClient::Send -- Unable to send message (not connected to UPM process).
[Package Manager] Cannot connect to Unity Package Manager local server
Mono: successfully reloaded assembly
[Package Manager] Server::EnsureServerProcessIsRunning -- launch failed, reason: Unity was launched with the -noUpm command-line argument
[Package Manager] UpmClient::Send -- Unable to send message (not connected to UPM process).
[Package Manager] Cannot connect to Unity Package Manager local server
- Finished resetting the current domain, in  1.933 seconds
Domain Reload Profiling: 2692ms
	BeginReloadAssembly (204ms)
		ExecutionOrderSort (0ms)
		DisableScriptedObjects (5ms)
		BackupInstance (0ms)
		ReleaseScriptingObjects (0ms)
		CreateAndSetChildDomain (51ms)
	RebuildCommonClasses (40ms)
	RebuildNativeTypeToScriptingClass (15ms)
	initialDomainReloadingComplete (55ms)
	LoadAllAssembliesAndSetupDomain (446ms)
		LoadAssemblies (523ms)
		RebuildTransferFunctionScriptingTraits (0ms)
		AnalyzeDomain (25ms)
			TypeCache.Refresh (9ms)
				TypeCache.ScanAssembly (0ms)
			ScanForSourceGeneratedMonoScriptInfo (0ms)
			ResolveRequiredComponents (14ms)
	FinalizeReload (1933ms)
		ReleaseScriptCaches (0ms)
		RebuildScriptCaches (0ms)
		SetupLoadedEditorAssemblies (840ms)
			LogAssemblyErrors (0ms)
			InitializePlatformSupportModulesInManaged (42ms)
			SetLoadedEditorAssemblies (7ms)
			RefreshPlugins (0ms)
			BeforeProcessingInitializeOnLoad (164ms)
			ProcessInitializeOnLoadAttributes (500ms)
			ProcessInitializeOnLoadMethodAttributes (112ms)
			AfterProcessingInitializeOnLoad (15ms)
			EditorAssembliesLoaded (0ms)
		ExecutionOrderSort2 (0ms)
		AwakeInstancesAfterBackupRestoration (16ms)
Shader 'Clipping': fallback shader 'Transparent' not found
Refreshing native plugins compatible for Editor in 22.47 ms, found 7 plugins.
Preloading 2 native plugins for Editor in 0.13 ms.
Unloading 6611 Unused Serialized files (Serialized files now loaded: 0)
Unloading 75 unused Assets / (1.2 MB). Loaded Objects now: 7540.
Memory consumption went from 212.8 MB to 211.6 MB.
Total: 7.690300 ms (FindLiveObjects: 0.580900 ms CreateObjectMapping: 0.596400 ms MarkObjects: 5.688700 ms  DeleteObjects: 0.823300 ms)

Prepare: number of updated asset objects reloaded= 0
AssetImportParameters requested are different than current active one (requested -> active):
  custom:container-demuxer-ogg: 62fdf1f143b41e24485cea50d1cbac27 -> 
  custom:framework-win-MediaFoundation: 216162199b28c13a410421893ffa2e32 -> 
  custom:container-muxer-webm: aa71ff27fc2769a1b78a27578f13a17b -> 
  custom:video-decoder-webm-vp8: 9c59270c3fd7afecdb556c50c9e8de78 -> 
  custom:SearchIndexIgnoredProperties: e643bd26f0fe6173181afceb89e7c659 -> 
  custom:AudioImporter_EditorPlatform: d09bf68614088b80899f8185d706f6e7 -> 
  custom:audio-decoder-ogg-vorbis: bf7c407c2cedff20999df2af8eb42d56 -> 
  custom:audio-encoder-webm-vorbis: bf7c407c2cedff20999df2af8eb42d56 -> 
  custom:video-decoder-ogg-theora: a1e56fd34408186e4bbccfd4996cb3dc -> 
  custom:CustomObjectIndexerAttribute: 9a22284fe3817be447336de3de66b15e -> 
  custom:container-demuxer-webm: 4f35f7cbe854078d1ac9338744f61a02 -> 
  custom:video-encoder-webm-vp8: eb34c28f22e8b96e1ab97ce403110664 -> 
========================================================================
Received Prepare
Begin MonoManager ReloadAssembly
Symbol file LoadedFromMemory is not a mono symbol file
- Loaded All Assemblies, in  0.907 seconds
Refreshing native plugins compatible for Editor in 17.51 ms, found 7 plugins.
Native extension for WindowsStandalone target not found
Native extension for Android target not found
Native extension for WebGL target not found
[Package Manager] Server::EnsureServerProcessIsRunning -- launch failed, reason: Unity was launched with the -noUpm command-line argument
[Package Manager] UpmClient::Send -- Unable to send message (not connected to UPM process).
[Package Manager] Cannot connect to Unity Package Manager local server
Mono: successfully reloaded assembly
[Package Manager] Server::EnsureServerProcessIsRunning -- launch failed, reason: Unity was launched with the -noUpm command-line argument
[Package Manager] UpmClient::Send -- Unable to send message (not connected to UPM process).
[Package Manager] Cannot connect to Unity Package Manager local server
- Finished resetting the current domain, in  1.803 seconds
Domain Reload Profiling: 2702ms
	BeginReloadAssembly (288ms)
		ExecutionOrderSort (0ms)
		DisableScriptedObjects (5ms)
		BackupInstance (0ms)
		ReleaseScriptingObjects (0ms)
		CreateAndSetChildDomain (66ms)
	RebuildCommonClasses (53ms)
	RebuildNativeTypeToScriptingClass (15ms)
	initialDomainReloadingComplete (47ms)
	LoadAllAssembliesAndSetupDomain (497ms)
		LoadAssemblies (574ms)
		RebuildTransferFunctionScriptingTraits (0ms)
		AnalyzeDomain (82ms)
			TypeCache.Refresh (25ms)
				TypeCache.ScanAssembly (8ms)
			ScanForSourceGeneratedMonoScriptInfo (42ms)
			ResolveRequiredComponents (14ms)
	FinalizeReload (1803ms)
		ReleaseScriptCaches (0ms)
		RebuildScriptCaches (0ms)
		SetupLoadedEditorAssemblies (662ms)
			LogAssemblyErrors (0ms)
			InitializePlatformSupportModulesInManaged (38ms)
			SetLoadedEditorAssemblies (5ms)
			RefreshPlugins (0ms)
			BeforeProcessingInitializeOnLoad (121ms)
			ProcessInitializeOnLoadAttributes (390ms)
			ProcessInitializeOnLoadMethodAttributes (95ms)
			AfterProcessingInitializeOnLoad (12ms)
			EditorAssembliesLoaded (0ms)
		ExecutionOrderSort2 (0ms)
		AwakeInstancesAfterBackupRestoration (13ms)
Shader 'Clipping': fallback shader 'Transparent' not found
Refreshing native plugins compatible for Editor in 14.91 ms, found 7 plugins.
Preloading 2 native plugins for Editor in 0.12 ms.
Unloading 6611 Unused Serialized files (Serialized files now loaded: 0)
Unloading 75 unused Assets / (1.2 MB). Loaded Objects now: 7543.
Memory consumption went from 212.8 MB to 211.6 MB.
Total: 6.303000 ms (FindLiveObjects: 0.542600 ms CreateObjectMapping: 0.655800 ms MarkObjects: 4.389700 ms  DeleteObjects: 0.714000 ms)

Prepare: number of updated asset objects reloaded= 0
AssetImportParameters requested are different than current active one (requested -> active):
  custom:container-demuxer-ogg: 62fdf1f143b41e24485cea50d1cbac27 -> 
  custom:framework-win-MediaFoundation: 216162199b28c13a410421893ffa2e32 -> 
  custom:container-muxer-webm: aa71ff27fc2769a1b78a27578f13a17b -> 
  custom:video-decoder-webm-vp8: 9c59270c3fd7afecdb556c50c9e8de78 -> 
  custom:SearchIndexIgnoredProperties: e643bd26f0fe6173181afceb89e7c659 -> 
  custom:AudioImporter_EditorPlatform: d09bf68614088b80899f8185d706f6e7 -> 
  custom:audio-decoder-ogg-vorbis: bf7c407c2cedff20999df2af8eb42d56 -> 
  custom:audio-encoder-webm-vorbis: bf7c407c2cedff20999df2af8eb42d56 -> 
  custom:video-decoder-ogg-theora: a1e56fd34408186e4bbccfd4996cb3dc -> 
  custom:CustomObjectIndexerAttribute: 9a22284fe3817be447336de3de66b15e -> 
  custom:container-demuxer-webm: 4f35f7cbe854078d1ac9338744f61a02 -> 
  custom:video-encoder-webm-vp8: eb34c28f22e8b96e1ab97ce403110664 -> 
========================================================================
Received Prepare
Begin MonoManager ReloadAssembly
Symbol file LoadedFromMemory is not a mono symbol file
- Loaded All Assemblies, in  0.837 seconds
Refreshing native plugins compatible for Editor in 18.30 ms, found 7 plugins.
Native extension for WindowsStandalone target not found
Native extension for Android target not found
Native extension for WebGL target not found
[Package Manager] Server::EnsureServerProcessIsRunning -- launch failed, reason: Unity was launched with the -noUpm command-line argument
[Package Manager] UpmClient::Send -- Unable to send message (not connected to UPM process).
[Package Manager] Cannot connect to Unity Package Manager local server
Mono: successfully reloaded assembly
[Package Manager] Server::EnsureServerProcessIsRunning -- launch failed, reason: Unity was launched with the -noUpm command-line argument
[Package Manager] UpmClient::Send -- Unable to send message (not connected to UPM process).
[Package Manager] Cannot connect to Unity Package Manager local server
- Finished resetting the current domain, in  1.705 seconds
Domain Reload Profiling: 2532ms
	BeginReloadAssembly (231ms)
		ExecutionOrderSort (0ms)
		DisableScriptedObjects (6ms)
		BackupInstance (0ms)
		ReleaseScriptingObjects (0ms)
		CreateAndSetChildDomain (61ms)
	RebuildCommonClasses (49ms)
	RebuildNativeTypeToScriptingClass (17ms)
	initialDomainReloadingComplete (50ms)
	LoadAllAssembliesAndSetupDomain (480ms)
		LoadAssemblies (520ms)
		RebuildTransferFunctionScriptingTraits (0ms)
		AnalyzeDomain (68ms)
			TypeCache.Refresh (13ms)
				TypeCache.ScanAssembly (1ms)
			ScanForSourceGeneratedMonoScriptInfo (36ms)
			ResolveRequiredComponents (17ms)
	FinalizeReload (1705ms)
		ReleaseScriptCaches (0ms)
		RebuildScriptCaches (0ms)
		SetupLoadedEditorAssemblies (642ms)
			LogAssemblyErrors (0ms)
			InitializePlatformSupportModulesInManaged (30ms)
			SetLoadedEditorAssemblies (5ms)
			RefreshPlugins (0ms)
			BeforeProcessingInitializeOnLoad (118ms)
			ProcessInitializeOnLoadAttributes (373ms)
			ProcessInitializeOnLoadMethodAttributes (103ms)
			AfterProcessingInitializeOnLoad (13ms)
			EditorAssembliesLoaded (0ms)
		ExecutionOrderSort2 (0ms)
		AwakeInstancesAfterBackupRestoration (17ms)
Shader 'Clipping': fallback shader 'Transparent' not found
Refreshing native plugins compatible for Editor in 18.26 ms, found 7 plugins.
Preloading 2 native plugins for Editor in 0.12 ms.
Unloading 6611 Unused Serialized files (Serialized files now loaded: 0)
Unloading 75 unused Assets / (1.2 MB). Loaded Objects now: 7546.
Memory consumption went from 212.8 MB to 211.6 MB.
Total: 8.303600 ms (FindLiveObjects: 0.519000 ms CreateObjectMapping: 0.540200 ms MarkObjects: 6.512400 ms  DeleteObjects: 0.731100 ms)

Prepare: number of updated asset objects reloaded= 0
AssetImportParameters requested are different than current active one (requested -> active):
  custom:container-demuxer-ogg: 62fdf1f143b41e24485cea50d1cbac27 -> 
  custom:framework-win-MediaFoundation: 216162199b28c13a410421893ffa2e32 -> 
  custom:container-muxer-webm: aa71ff27fc2769a1b78a27578f13a17b -> 
  custom:video-decoder-webm-vp8: 9c59270c3fd7afecdb556c50c9e8de78 -> 
  custom:SearchIndexIgnoredProperties: e643bd26f0fe6173181afceb89e7c659 -> 
  custom:AudioImporter_EditorPlatform: d09bf68614088b80899f8185d706f6e7 -> 
  custom:audio-decoder-ogg-vorbis: bf7c407c2cedff20999df2af8eb42d56 -> 
  custom:audio-encoder-webm-vorbis: bf7c407c2cedff20999df2af8eb42d56 -> 
  custom:video-decoder-ogg-theora: a1e56fd34408186e4bbccfd4996cb3dc -> 
  custom:CustomObjectIndexerAttribute: 9a22284fe3817be447336de3de66b15e -> 
  custom:container-demuxer-webm: 4f35f7cbe854078d1ac9338744f61a02 -> 
  custom:video-encoder-webm-vp8: eb34c28f22e8b96e1ab97ce403110664 -> 
========================================================================
Received Prepare
Begin MonoManager ReloadAssembly
Symbol file LoadedFromMemory is not a mono symbol file
- Loaded All Assemblies, in  0.759 seconds
Refreshing native plugins compatible for Editor in 18.24 ms, found 7 plugins.
Native extension for WindowsStandalone target not found
Native extension for Android target not found
Native extension for WebGL target not found
[Package Manager] Server::EnsureServerProcessIsRunning -- launch failed, reason: Unity was launched with the -noUpm command-line argument
[Package Manager] UpmClient::Send -- Unable to send message (not connected to UPM process).
[Package Manager] Cannot connect to Unity Package Manager local server
Mono: successfully reloaded assembly
[Package Manager] Server::EnsureServerProcessIsRunning -- launch failed, reason: Unity was launched with the -noUpm command-line argument
[Package Manager] UpmClient::Send -- Unable to send message (not connected to UPM process).
[Package Manager] Cannot connect to Unity Package Manager local server
- Finished resetting the current domain, in  2.017 seconds
Domain Reload Profiling: 2768ms
	BeginReloadAssembly (219ms)
		ExecutionOrderSort (0ms)
		DisableScriptedObjects (6ms)
		BackupInstance (0ms)
		ReleaseScriptingObjects (0ms)
		CreateAndSetChildDomain (60ms)
	RebuildCommonClasses (40ms)
	RebuildNativeTypeToScriptingClass (16ms)
	initialDomainReloadingComplete (50ms)
	LoadAllAssembliesAndSetupDomain (425ms)
		LoadAssemblies (502ms)
		RebuildTransferFunctionScriptingTraits (0ms)
		AnalyzeDomain (29ms)
			TypeCache.Refresh (10ms)
				TypeCache.ScanAssembly (0ms)
			ScanForSourceGeneratedMonoScriptInfo (0ms)
			ResolveRequiredComponents (18ms)
	FinalizeReload (2018ms)
		ReleaseScriptCaches (0ms)
		RebuildScriptCaches (0ms)
		SetupLoadedEditorAssemblies (889ms)
			LogAssemblyErrors (0ms)
			InitializePlatformSupportModulesInManaged (39ms)
			SetLoadedEditorAssemblies (8ms)
			RefreshPlugins (0ms)
			BeforeProcessingInitializeOnLoad (178ms)
			ProcessInitializeOnLoadAttributes (532ms)
			ProcessInitializeOnLoadMethodAttributes (118ms)
			AfterProcessingInitializeOnLoad (14ms)
			EditorAssembliesLoaded (0ms)
		ExecutionOrderSort2 (0ms)
		AwakeInstancesAfterBackupRestoration (19ms)
Shader 'Clipping': fallback shader 'Transparent' not found
Refreshing native plugins compatible for Editor in 21.92 ms, found 7 plugins.
Preloading 2 native plugins for Editor in 0.13 ms.
Unloading 6611 Unused Serialized files (Serialized files now loaded: 0)
Unloading 75 unused Assets / (1.2 MB). Loaded Objects now: 7549.
Memory consumption went from 212.8 MB to 211.6 MB.
Total: 7.345500 ms (FindLiveObjects: 0.677800 ms CreateObjectMapping: 0.725500 ms MarkObjects: 4.751100 ms  DeleteObjects: 1.188600 ms)

Prepare: number of updated asset objects reloaded= 0
AssetImportParameters requested are different than current active one (requested -> active):
  custom:container-demuxer-ogg: 62fdf1f143b41e24485cea50d1cbac27 -> 
  custom:framework-win-MediaFoundation: 216162199b28c13a410421893ffa2e32 -> 
  custom:container-muxer-webm: aa71ff27fc2769a1b78a27578f13a17b -> 
  custom:video-decoder-webm-vp8: 9c59270c3fd7afecdb556c50c9e8de78 -> 
  custom:SearchIndexIgnoredProperties: e643bd26f0fe6173181afceb89e7c659 -> 
  custom:AudioImporter_EditorPlatform: d09bf68614088b80899f8185d706f6e7 -> 
  custom:audio-decoder-ogg-vorbis: bf7c407c2cedff20999df2af8eb42d56 -> 
  custom:audio-encoder-webm-vorbis: bf7c407c2cedff20999df2af8eb42d56 -> 
  custom:video-decoder-ogg-theora: a1e56fd34408186e4bbccfd4996cb3dc -> 
  custom:CustomObjectIndexerAttribute: 9a22284fe3817be447336de3de66b15e -> 
  custom:container-demuxer-webm: 4f35f7cbe854078d1ac9338744f61a02 -> 
  custom:video-encoder-webm-vp8: eb34c28f22e8b96e1ab97ce403110664 -> 
========================================================================
Received Prepare
Begin MonoManager ReloadAssembly
Symbol file LoadedFromMemory is not a mono symbol file
- Loaded All Assemblies, in  0.804 seconds
Refreshing native plugins compatible for Editor in 17.57 ms, found 7 plugins.
Native extension for WindowsStandalone target not found
Native extension for Android target not found
Native extension for WebGL target not found
[Package Manager] Server::EnsureServerProcessIsRunning -- launch failed, reason: Unity was launched with the -noUpm command-line argument
[Package Manager] UpmClient::Send -- Unable to send message (not connected to UPM process).
[Package Manager] Cannot connect to Unity Package Manager local server
Mono: successfully reloaded assembly
[Package Manager] Server::EnsureServerProcessIsRunning -- launch failed, reason: Unity was launched with the -noUpm command-line argument
[Package Manager] UpmClient::Send -- Unable to send message (not connected to UPM process).
[Package Manager] Cannot connect to Unity Package Manager local server
- Finished resetting the current domain, in  1.992 seconds
Domain Reload Profiling: 2787ms
	BeginReloadAssembly (222ms)
		ExecutionOrderSort (0ms)
		DisableScriptedObjects (7ms)
		BackupInstance (0ms)
		ReleaseScriptingObjects (0ms)
		CreateAndSetChildDomain (62ms)
	RebuildCommonClasses (47ms)
	RebuildNativeTypeToScriptingClass (16ms)
	initialDomainReloadingComplete (50ms)
	LoadAllAssembliesAndSetupDomain (460ms)
		LoadAssemblies (500ms)
		RebuildTransferFunctionScriptingTraits (0ms)
		AnalyzeDomain (65ms)
			TypeCache.Refresh (14ms)
				TypeCache.ScanAssembly (1ms)
			ScanForSourceGeneratedMonoScriptInfo (34ms)
			ResolveRequiredComponents (15ms)
	FinalizeReload (1992ms)
		ReleaseScriptCaches (0ms)
		RebuildScriptCaches (0ms)
		SetupLoadedEditorAssemblies (820ms)
			LogAssemblyErrors (0ms)
			InitializePlatformSupportModulesInManaged (41ms)
			SetLoadedEditorAssemblies (8ms)
			RefreshPlugins (0ms)
			BeforeProcessingInitializeOnLoad (155ms)
			ProcessInitializeOnLoadAttributes (489ms)
			ProcessInitializeOnLoadMethodAttributes (112ms)
			AfterProcessingInitializeOnLoad (15ms)
			EditorAssembliesLoaded (1ms)
		ExecutionOrderSort2 (0ms)
		AwakeInstancesAfterBackupRestoration (18ms)
Shader 'Clipping': fallback shader 'Transparent' not found
Refreshing native plugins compatible for Editor in 16.27 ms, found 7 plugins.
Preloading 2 native plugins for Editor in 0.12 ms.
Unloading 6611 Unused Serialized files (Serialized files now loaded: 0)
Unloading 75 unused Assets / (1.2 MB). Loaded Objects now: 7552.
Memory consumption went from 212.8 MB to 211.6 MB.
Total: 6.495600 ms (FindLiveObjects: 0.709500 ms CreateObjectMapping: 0.646400 ms MarkObjects: 4.337700 ms  DeleteObjects: 0.801000 ms)

Prepare: number of updated asset objects reloaded= 0
AssetImportParameters requested are different than current active one (requested -> active):
  custom:container-demuxer-ogg: 62fdf1f143b41e24485cea50d1cbac27 -> 
  custom:framework-win-MediaFoundation: 216162199b28c13a410421893ffa2e32 -> 
  custom:container-muxer-webm: aa71ff27fc2769a1b78a27578f13a17b -> 
  custom:video-decoder-webm-vp8: 9c59270c3fd7afecdb556c50c9e8de78 -> 
  custom:SearchIndexIgnoredProperties: e643bd26f0fe6173181afceb89e7c659 -> 
  custom:AudioImporter_EditorPlatform: d09bf68614088b80899f8185d706f6e7 -> 
  custom:audio-decoder-ogg-vorbis: bf7c407c2cedff20999df2af8eb42d56 -> 
  custom:audio-encoder-webm-vorbis: bf7c407c2cedff20999df2af8eb42d56 -> 
  custom:video-decoder-ogg-theora: a1e56fd34408186e4bbccfd4996cb3dc -> 
  custom:CustomObjectIndexerAttribute: 9a22284fe3817be447336de3de66b15e -> 
  custom:container-demuxer-webm: 4f35f7cbe854078d1ac9338744f61a02 -> 
  custom:video-encoder-webm-vp8: eb34c28f22e8b96e1ab97ce403110664 -> 
========================================================================
Received Prepare
Begin MonoManager ReloadAssembly
Symbol file LoadedFromMemory is not a mono symbol file
- Loaded All Assemblies, in  0.747 seconds
Refreshing native plugins compatible for Editor in 17.19 ms, found 7 plugins.
Native extension for WindowsStandalone target not found
Native extension for Android target not found
Native extension for WebGL target not found
[Package Manager] Server::EnsureServerProcessIsRunning -- launch failed, reason: Unity was launched with the -noUpm command-line argument
[Package Manager] UpmClient::Send -- Unable to send message (not connected to UPM process).
[Package Manager] Cannot connect to Unity Package Manager local server
Mono: successfully reloaded assembly
[Package Manager] Server::EnsureServerProcessIsRunning -- launch failed, reason: Unity was launched with the -noUpm command-line argument
[Package Manager] UpmClient::Send -- Unable to send message (not connected to UPM process).
[Package Manager] Cannot connect to Unity Package Manager local server
- Finished resetting the current domain, in  1.974 seconds
Domain Reload Profiling: 2712ms
	BeginReloadAssembly (201ms)
		ExecutionOrderSort (0ms)
		DisableScriptedObjects (5ms)
		BackupInstance (0ms)
		ReleaseScriptingObjects (0ms)
		CreateAndSetChildDomain (55ms)
	RebuildCommonClasses (37ms)
	RebuildNativeTypeToScriptingClass (13ms)
	initialDomainReloadingComplete (42ms)
	LoadAllAssembliesAndSetupDomain (444ms)
		LoadAssemblies (508ms)
		RebuildTransferFunctionScriptingTraits (0ms)
		AnalyzeDomain (31ms)
			TypeCache.Refresh (10ms)
				TypeCache.ScanAssembly (0ms)
			ScanForSourceGeneratedMonoScriptInfo (0ms)
			ResolveRequiredComponents (18ms)
	FinalizeReload (1975ms)
		ReleaseScriptCaches (0ms)
		RebuildScriptCaches (0ms)
		SetupLoadedEditorAssemblies (862ms)
			LogAssemblyErrors (0ms)
			InitializePlatformSupportModulesInManaged (41ms)
			SetLoadedEditorAssemblies (8ms)
			RefreshPlugins (0ms)
			BeforeProcessingInitializeOnLoad (164ms)
			ProcessInitializeOnLoadAttributes (513ms)
			ProcessInitializeOnLoadMethodAttributes (121ms)
			AfterProcessingInitializeOnLoad (15ms)
			EditorAssembliesLoaded (0ms)
		ExecutionOrderSort2 (0ms)
		AwakeInstancesAfterBackupRestoration (16ms)
Shader 'Clipping': fallback shader 'Transparent' not found
Refreshing native plugins compatible for Editor in 39.93 ms, found 7 plugins.
Preloading 2 native plugins for Editor in 0.15 ms.
Unloading 6611 Unused Serialized files (Serialized files now loaded: 0)
Unloading 75 unused Assets / (1.2 MB). Loaded Objects now: 7555.
Memory consumption went from 212.8 MB to 211.6 MB.
Total: 8.856900 ms (FindLiveObjects: 0.541600 ms CreateObjectMapping: 0.558000 ms MarkObjects: 6.122400 ms  DeleteObjects: 1.633700 ms)

Prepare: number of updated asset objects reloaded= 0
AssetImportParameters requested are different than current active one (requested -> active):
  custom:container-demuxer-ogg: 62fdf1f143b41e24485cea50d1cbac27 -> 
  custom:framework-win-MediaFoundation: 216162199b28c13a410421893ffa2e32 -> 
  custom:container-muxer-webm: aa71ff27fc2769a1b78a27578f13a17b -> 
  custom:video-decoder-webm-vp8: 9c59270c3fd7afecdb556c50c9e8de78 -> 
  custom:SearchIndexIgnoredProperties: e643bd26f0fe6173181afceb89e7c659 -> 
  custom:AudioImporter_EditorPlatform: d09bf68614088b80899f8185d706f6e7 -> 
  custom:audio-decoder-ogg-vorbis: bf7c407c2cedff20999df2af8eb42d56 -> 
  custom:audio-encoder-webm-vorbis: bf7c407c2cedff20999df2af8eb42d56 -> 
  custom:video-decoder-ogg-theora: a1e56fd34408186e4bbccfd4996cb3dc -> 
  custom:CustomObjectIndexerAttribute: 9a22284fe3817be447336de3de66b15e -> 
  custom:container-demuxer-webm: 4f35f7cbe854078d1ac9338744f61a02 -> 
  custom:video-encoder-webm-vp8: eb34c28f22e8b96e1ab97ce403110664 -> 
========================================================================
Received Prepare
Begin MonoManager ReloadAssembly
Symbol file LoadedFromMemory is not a mono symbol file
- Loaded All Assemblies, in  0.780 seconds
Refreshing native plugins compatible for Editor in 16.29 ms, found 7 plugins.
Native extension for WindowsStandalone target not found
Native extension for Android target not found
Native extension for WebGL target not found
[Package Manager] Server::EnsureServerProcessIsRunning -- launch failed, reason: Unity was launched with the -noUpm command-line argument
[Package Manager] UpmClient::Send -- Unable to send message (not connected to UPM process).
[Package Manager] Cannot connect to Unity Package Manager local server
Mono: successfully reloaded assembly
[Package Manager] Server::EnsureServerProcessIsRunning -- launch failed, reason: Unity was launched with the -noUpm command-line argument
[Package Manager] UpmClient::Send -- Unable to send message (not connected to UPM process).
[Package Manager] Cannot connect to Unity Package Manager local server
- Finished resetting the current domain, in  1.943 seconds
Domain Reload Profiling: 2715ms
	BeginReloadAssembly (206ms)
		ExecutionOrderSort (0ms)
		DisableScriptedObjects (5ms)
		BackupInstance (0ms)
		ReleaseScriptingObjects (0ms)
		CreateAndSetChildDomain (54ms)
	RebuildCommonClasses (45ms)
	RebuildNativeTypeToScriptingClass (18ms)
	initialDomainReloadingComplete (46ms)
	LoadAllAssembliesAndSetupDomain (456ms)
		LoadAssemblies (524ms)
		RebuildTransferFunctionScriptingTraits (0ms)
		AnalyzeDomain (32ms)
			TypeCache.Refresh (9ms)
				TypeCache.ScanAssembly (0ms)
			ScanForSourceGeneratedMonoScriptInfo (0ms)
			ResolveRequiredComponents (21ms)
	FinalizeReload (1944ms)
		ReleaseScriptCaches (0ms)
		RebuildScriptCaches (0ms)
		SetupLoadedEditorAssemblies (850ms)
			LogAssemblyErrors (0ms)
			InitializePlatformSupportModulesInManaged (44ms)
			SetLoadedEditorAssemblies (6ms)
			RefreshPlugins (0ms)
			BeforeProcessingInitializeOnLoad (159ms)
			ProcessInitializeOnLoadAttributes (511ms)
			ProcessInitializeOnLoadMethodAttributes (115ms)
			AfterProcessingInitializeOnLoad (15ms)
			EditorAssembliesLoaded (0ms)
		ExecutionOrderSort2 (0ms)
		AwakeInstancesAfterBackupRestoration (17ms)
Shader 'Clipping': fallback shader 'Transparent' not found
Refreshing native plugins compatible for Editor in 20.71 ms, found 7 plugins.
Preloading 2 native plugins for Editor in 0.16 ms.
Unloading 6611 Unused Serialized files (Serialized files now loaded: 0)
Unloading 75 unused Assets / (1.2 MB). Loaded Objects now: 7558.
Memory consumption went from 212.8 MB to 211.6 MB.
Total: 6.164600 ms (FindLiveObjects: 0.729200 ms CreateObjectMapping: 0.722600 ms MarkObjects: 3.994600 ms  DeleteObjects: 0.717200 ms)

Prepare: number of updated asset objects reloaded= 0
AssetImportParameters requested are different than current active one (requested -> active):
  custom:container-demuxer-ogg: 62fdf1f143b41e24485cea50d1cbac27 -> 
  custom:framework-win-MediaFoundation: 216162199b28c13a410421893ffa2e32 -> 
  custom:container-muxer-webm: aa71ff27fc2769a1b78a27578f13a17b -> 
  custom:video-decoder-webm-vp8: 9c59270c3fd7afecdb556c50c9e8de78 -> 
  custom:SearchIndexIgnoredProperties: e643bd26f0fe6173181afceb89e7c659 -> 
  custom:AudioImporter_EditorPlatform: d09bf68614088b80899f8185d706f6e7 -> 
  custom:audio-decoder-ogg-vorbis: bf7c407c2cedff20999df2af8eb42d56 -> 
  custom:audio-encoder-webm-vorbis: bf7c407c2cedff20999df2af8eb42d56 -> 
  custom:video-decoder-ogg-theora: a1e56fd34408186e4bbccfd4996cb3dc -> 
  custom:CustomObjectIndexerAttribute: 9a22284fe3817be447336de3de66b15e -> 
  custom:container-demuxer-webm: 4f35f7cbe854078d1ac9338744f61a02 -> 
  custom:video-encoder-webm-vp8: eb34c28f22e8b96e1ab97ce403110664 -> 
========================================================================
Received Import Request.
  Time since last request: 1922.545666 seconds.
  path: Assets/Scripts/DeviceDetector.cs
  artifactKey: Guid(2801f688cf50c4946a8d1dda4c4eaa92) Importer(815301076,1909f56bfc062723c751e8b465ee728b)
Start importing Assets/Scripts/DeviceDetector.cs using Guid(2801f688cf50c4946a8d1dda4c4eaa92) Importer(815301076,1909f56bfc062723c751e8b465ee728b)  -> (artifact id: '9b5ea0263acdcd8b7b538f7c98931beb') in 0.002793 seconds
Number of updated asset objects reloaded before import = 0
Number of asset objects unloaded after import = 0
========================================================================
Received Prepare
Begin MonoManager ReloadAssembly
Symbol file LoadedFromMemory is not a mono symbol file
- Loaded All Assemblies, in  0.871 seconds
Refreshing native plugins compatible for Editor in 17.96 ms, found 7 plugins.
Native extension for WindowsStandalone target not found
Native extension for Android target not found
Native extension for WebGL target not found
[Package Manager] Server::EnsureServerProcessIsRunning -- launch failed, reason: Unity was launched with the -noUpm command-line argument
[Package Manager] UpmClient::Send -- Unable to send message (not connected to UPM process).
[Package Manager] Cannot connect to Unity Package Manager local server
Mono: successfully reloaded assembly
[Package Manager] Server::EnsureServerProcessIsRunning -- launch failed, reason: Unity was launched with the -noUpm command-line argument
[Package Manager] UpmClient::Send -- Unable to send message (not connected to UPM process).
[Package Manager] Cannot connect to Unity Package Manager local server
- Finished resetting the current domain, in  2.029 seconds
Domain Reload Profiling: 2891ms
	BeginReloadAssembly (222ms)
		ExecutionOrderSort (0ms)
		DisableScriptedObjects (7ms)
		BackupInstance (0ms)
		ReleaseScriptingObjects (0ms)
		CreateAndSetChildDomain (58ms)
	RebuildCommonClasses (40ms)
	RebuildNativeTypeToScriptingClass (16ms)
	initialDomainReloadingComplete (51ms)
	LoadAllAssembliesAndSetupDomain (533ms)
		LoadAssemblies (569ms)
		RebuildTransferFunctionScriptingTraits (0ms)
		AnalyzeDomain (65ms)
			TypeCache.Refresh (16ms)
				TypeCache.ScanAssembly (2ms)
			ScanForSourceGeneratedMonoScriptInfo (33ms)
			ResolveRequiredComponents (14ms)
	FinalizeReload (2030ms)
		ReleaseScriptCaches (0ms)
		RebuildScriptCaches (0ms)
		SetupLoadedEditorAssemblies (862ms)
			LogAssemblyErrors (0ms)
			InitializePlatformSupportModulesInManaged (45ms)
			SetLoadedEditorAssemblies (4ms)
			RefreshPlugins (0ms)
			BeforeProcessingInitializeOnLoad (164ms)
			ProcessInitializeOnLoadAttributes (503ms)
			ProcessInitializeOnLoadMethodAttributes (133ms)
			AfterProcessingInitializeOnLoad (14ms)
			EditorAssembliesLoaded (1ms)
		ExecutionOrderSort2 (0ms)
		AwakeInstancesAfterBackupRestoration (17ms)
Shader 'Clipping': fallback shader 'Transparent' not found
Refreshing native plugins compatible for Editor in 24.75 ms, found 7 plugins.
Preloading 2 native plugins for Editor in 0.17 ms.
Unloading 6611 Unused Serialized files (Serialized files now loaded: 0)
Unloading 75 unused Assets / (1.2 MB). Loaded Objects now: 7562.
Memory consumption went from 212.6 MB to 211.4 MB.
Total: 8.540100 ms (FindLiveObjects: 0.769300 ms CreateObjectMapping: 0.686800 ms MarkObjects: 5.978900 ms  DeleteObjects: 1.103700 ms)

Prepare: number of updated asset objects reloaded= 0
AssetImportParameters requested are different than current active one (requested -> active):
  custom:container-demuxer-ogg: 62fdf1f143b41e24485cea50d1cbac27 -> 
  custom:framework-win-MediaFoundation: 216162199b28c13a410421893ffa2e32 -> 
  custom:container-muxer-webm: aa71ff27fc2769a1b78a27578f13a17b -> 
  custom:video-decoder-webm-vp8: 9c59270c3fd7afecdb556c50c9e8de78 -> 
  custom:SearchIndexIgnoredProperties: e643bd26f0fe6173181afceb89e7c659 -> 
  custom:AudioImporter_EditorPlatform: d09bf68614088b80899f8185d706f6e7 -> 
  custom:audio-decoder-ogg-vorbis: bf7c407c2cedff20999df2af8eb42d56 -> 
  custom:audio-encoder-webm-vorbis: bf7c407c2cedff20999df2af8eb42d56 -> 
  custom:video-decoder-ogg-theora: a1e56fd34408186e4bbccfd4996cb3dc -> 
  custom:CustomObjectIndexerAttribute: 9a22284fe3817be447336de3de66b15e -> 
  custom:container-demuxer-webm: 4f35f7cbe854078d1ac9338744f61a02 -> 
  custom:video-encoder-webm-vp8: eb34c28f22e8b96e1ab97ce403110664 -> 
========================================================================
Received Import Request.
  Time since last request: 13.212181 seconds.
  path: Assets/Scripts/DeviceDetector.cs
  artifactKey: Guid(2801f688cf50c4946a8d1dda4c4eaa92) Importer(815301076,1909f56bfc062723c751e8b465ee728b)
Start importing Assets/Scripts/DeviceDetector.cs using Guid(2801f688cf50c4946a8d1dda4c4eaa92) Importer(815301076,1909f56bfc062723c751e8b465ee728b)  -> (artifact id: '00000000000000000000000000000000') in 0.001727 seconds
Import Error Code:(4)
Message: Build asset version error: assets/scripts/devicedetector.cs in SourceAssetDB has modification time of '2026-03-12T23:24:42.2430774Z' while content on disk has modification time of '2026-03-12T23:24:56.1440465Z'
  ERROR: Build asset version error: assets/scripts/devicedetector.cs in SourceAssetDB has modification time of '2026-03-12T23:24:42.2430774Z' while content on disk has modification time of '2026-03-12T23:24:56.1440465Z'
Number of updated asset objects reloaded before import = 0
Number of asset objects unloaded after import = 0
========================================================================
Received Import Request.
  Time since last request: 0.012021 seconds.
  path: Assets/Scripts/DeviceDetector.cs
  artifactKey: Guid(2801f688cf50c4946a8d1dda4c4eaa92) Importer(815301076,1909f56bfc062723c751e8b465ee728b)
Start importing Assets/Scripts/DeviceDetector.cs using Guid(2801f688cf50c4946a8d1dda4c4eaa92) Importer(815301076,1909f56bfc062723c751e8b465ee728b)  -> (artifact id: '00000000000000000000000000000000') in 0.000628 seconds
Import Error Code:(4)
Message: Build asset version error: assets/scripts/devicedetector.cs in SourceAssetDB has modification time of '2026-03-12T23:24:42.2430774Z' while content on disk has modification time of '2026-03-12T23:24:56.1440465Z'
  ERROR: Build asset version error: assets/scripts/devicedetector.cs in SourceAssetDB has modification time of '2026-03-12T23:24:42.2430774Z' while content on disk has modification time of '2026-03-12T23:24:56.1440465Z'
Number of updated asset objects reloaded before import = 0
Number of asset objects unloaded after import = 0
========================================================================
Received Import Request.
  Time since last request: 0.001416 seconds.
  path: Assets/Scripts/DeviceDetector.cs
  artifactKey: Guid(2801f688cf50c4946a8d1dda4c4eaa92) Importer(815301076,1909f56bfc062723c751e8b465ee728b)
Start importing Assets/Scripts/DeviceDetector.cs using Guid(2801f688cf50c4946a8d1dda4c4eaa92) Importer(815301076,1909f56bfc062723c751e8b465ee728b)  -> (artifact id: '00000000000000000000000000000000') in 0.000563 seconds
Import Error Code:(4)
Message: Build asset version error: assets/scripts/devicedetector.cs in SourceAssetDB has modification time of '2026-03-12T23:24:42.2430774Z' while content on disk has modification time of '2026-03-12T23:24:56.1440465Z'
  ERROR: Build asset version error: assets/scripts/devicedetector.cs in SourceAssetDB has modification time of '2026-03-12T23:24:42.2430774Z' while content on disk has modification time of '2026-03-12T23:24:56.1440465Z'
Number of updated asset objects reloaded before import = 0
Number of asset objects unloaded after import = 0
========================================================================
Received Import Request.
  Time since last request: 0.011064 seconds.
  path: Assets/Scripts/DeviceDetector.cs
  artifactKey: Guid(2801f688cf50c4946a8d1dda4c4eaa92) Importer(815301076,1909f56bfc062723c751e8b465ee728b)
Start importing Assets/Scripts/DeviceDetector.cs using Guid(2801f688cf50c4946a8d1dda4c4eaa92) Importer(815301076,1909f56bfc062723c751e8b465ee728b)  -> (artifact id: '00000000000000000000000000000000') in 0.000559 seconds
Import Error Code:(4)
Message: Build asset version error: assets/scripts/devicedetector.cs in SourceAssetDB has modification time of '2026-03-12T23:24:42.2430774Z' while content on disk has modification time of '2026-03-12T23:24:56.1440465Z'
  ERROR: Build asset version error: assets/scripts/devicedetector.cs in SourceAssetDB has modification time of '2026-03-12T23:24:42.2430774Z' while content on disk has modification time of '2026-03-12T23:24:56.1440465Z'
Number of updated asset objects reloaded before import = 0
Number of asset objects unloaded after import = 0
========================================================================
Received Import Request.
  Time since last request: 0.009450 seconds.
  path: Assets/Scripts/DeviceDetector.cs
  artifactKey: Guid(2801f688cf50c4946a8d1dda4c4eaa92) Importer(815301076,1909f56bfc062723c751e8b465ee728b)
Start importing Assets/Scripts/DeviceDetector.cs using Guid(2801f688cf50c4946a8d1dda4c4eaa92) Importer(815301076,1909f56bfc062723c751e8b465ee728b)  -> (artifact id: '00000000000000000000000000000000') in 0.000522 seconds
Import Error Code:(4)
Message: Build asset version error: assets/scripts/devicedetector.cs in SourceAssetDB has modification time of '2026-03-12T23:24:42.2430774Z' while content on disk has modification time of '2026-03-12T23:24:56.1440465Z'
  ERROR: Build asset version error: assets/scripts/devicedetector.cs in SourceAssetDB has modification time of '2026-03-12T23:24:42.2430774Z' while content on disk has modification time of '2026-03-12T23:24:56.1440465Z'
Number of updated asset objects reloaded before import = 0
Number of asset objects unloaded after import = 0
========================================================================
Received Import Request.
  Time since last request: 0.008505 seconds.
  path: Assets/Scripts/DeviceDetector.cs
  artifactKey: Guid(2801f688cf50c4946a8d1dda4c4eaa92) Importer(815301076,1909f56bfc062723c751e8b465ee728b)
Start importing Assets/Scripts/DeviceDetector.cs using Guid(2801f688cf50c4946a8d1dda4c4eaa92) Importer(815301076,1909f56bfc062723c751e8b465ee728b)  -> (artifact id: '00000000000000000000000000000000') in 0.000600 seconds
Import Error Code:(4)
Message: Build asset version error: assets/scripts/devicedetector.cs in SourceAssetDB has modification time of '2026-03-12T23:24:42.2430774Z' while content on disk has modification time of '2026-03-12T23:24:56.1440465Z'
  ERROR: Build asset version error: assets/scripts/devicedetector.cs in SourceAssetDB has modification time of '2026-03-12T23:24:42.2430774Z' while content on disk has modification time of '2026-03-12T23:24:56.1440465Z'
Number of updated asset objects reloaded before import = 0
Number of asset objects unloaded after import = 0
========================================================================
Received Import Request.
  Time since last request: 0.001729 seconds.
  path: Assets/Scripts/DeviceDetector.cs
  artifactKey: Guid(2801f688cf50c4946a8d1dda4c4eaa92) Importer(815301076,1909f56bfc062723c751e8b465ee728b)
Start importing Assets/Scripts/DeviceDetector.cs using Guid(2801f688cf50c4946a8d1dda4c4eaa92) Importer(815301076,1909f56bfc062723c751e8b465ee728b)  -> (artifact id: '00000000000000000000000000000000') in 0.000578 seconds
Import Error Code:(4)
Message: Build asset version error: assets/scripts/devicedetector.cs in SourceAssetDB has modification time of '2026-03-12T23:24:42.2430774Z' while content on disk has modification time of '2026-03-12T23:24:56.1440465Z'
  ERROR: Build asset version error: assets/scripts/devicedetector.cs in SourceAssetDB has modification time of '2026-03-12T23:24:42.2430774Z' while content on disk has modification time of '2026-03-12T23:24:56.1440465Z'
Number of updated asset objects reloaded before import = 0
Number of asset objects unloaded after import = 0
========================================================================
Received Import Request.
  Time since last request: 0.007534 seconds.
  path: Assets/Scripts/DeviceDetector.cs
  artifactKey: Guid(2801f688cf50c4946a8d1dda4c4eaa92) Importer(815301076,1909f56bfc062723c751e8b465ee728b)
Start importing Assets/Scripts/DeviceDetector.cs using Guid(2801f688cf50c4946a8d1dda4c4eaa92) Importer(815301076,1909f56bfc062723c751e8b465ee728b)  -> (artifact id: '00000000000000000000000000000000') in 0.000603 seconds
Import Error Code:(4)
Message: Build asset version error: assets/scripts/devicedetector.cs in SourceAssetDB has modification time of '2026-03-12T23:24:42.2430774Z' while content on disk has modification time of '2026-03-12T23:24:56.1440465Z'
  ERROR: Build asset version error: assets/scripts/devicedetector.cs in SourceAssetDB has modification time of '2026-03-12T23:24:42.2430774Z' while content on disk has modification time of '2026-03-12T23:24:56.1440465Z'
Number of updated asset objects reloaded before import = 0
Number of asset objects unloaded after import = 0
========================================================================
Received Import Request.
  Time since last request: 0.009383 seconds.
  path: Assets/Scripts/DeviceDetector.cs
  artifactKey: Guid(2801f688cf50c4946a8d1dda4c4eaa92) Importer(815301076,1909f56bfc062723c751e8b465ee728b)
Start importing Assets/Scripts/DeviceDetector.cs using Guid(2801f688cf50c4946a8d1dda4c4eaa92) Importer(815301076,1909f56bfc062723c751e8b465ee728b)  -> (artifact id: '00000000000000000000000000000000') in 0.000464 seconds
Import Error Code:(4)
Message: Build asset version error: assets/scripts/devicedetector.cs in SourceAssetDB has modification time of '2026-03-12T23:24:42.2430774Z' while content on disk has modification time of '2026-03-12T23:24:56.1440465Z'
  ERROR: Build asset version error: assets/scripts/devicedetector.cs in SourceAssetDB has modification time of '2026-03-12T23:24:42.2430774Z' while content on disk has modification time of '2026-03-12T23:24:56.1440465Z'
Number of updated asset objects reloaded before import = 0
Number of asset objects unloaded after import = 0
========================================================================
Received Import Request.
  Time since last request: 0.009045 seconds.
  path: Assets/Scripts/DeviceDetector.cs
  artifactKey: Guid(2801f688cf50c4946a8d1dda4c4eaa92) Importer(815301076,1909f56bfc062723c751e8b465ee728b)
Start importing Assets/Scripts/DeviceDetector.cs using Guid(2801f688cf50c4946a8d1dda4c4eaa92) Importer(815301076,1909f56bfc062723c751e8b465ee728b)  -> (artifact id: '00000000000000000000000000000000') in 0.000531 seconds
Import Error Code:(4)
Message: Build asset version error: assets/scripts/devicedetector.cs in SourceAssetDB has modification time of '2026-03-12T23:24:42.2430774Z' while content on disk has modification time of '2026-03-12T23:24:56.1440465Z'
  ERROR: Build asset version error: assets/scripts/devicedetector.cs in SourceAssetDB has modification time of '2026-03-12T23:24:42.2430774Z' while content on disk has modification time of '2026-03-12T23:24:56.1440465Z'
Number of updated asset objects reloaded before import = 0
Number of asset objects unloaded after import = 0
========================================================================
Received Import Request.
  Time since last request: 0.001858 seconds.
  path: Assets/Scripts/DeviceDetector.cs
  artifactKey: Guid(2801f688cf50c4946a8d1dda4c4eaa92) Importer(815301076,1909f56bfc062723c751e8b465ee728b)
Start importing Assets/Scripts/DeviceDetector.cs using Guid(2801f688cf50c4946a8d1dda4c4eaa92) Importer(815301076,1909f56bfc062723c751e8b465ee728b)  -> (artifact id: '00000000000000000000000000000000') in 0.000520 seconds
Import Error Code:(4)
Message: Build asset version error: assets/scripts/devicedetector.cs in SourceAssetDB has modification time of '2026-03-12T23:24:42.2430774Z' while content on disk has modification time of '2026-03-12T23:24:56.1440465Z'
  ERROR: Build asset version error: assets/scripts/devicedetector.cs in SourceAssetDB has modification time of '2026-03-12T23:24:42.2430774Z' while content on disk has modification time of '2026-03-12T23:24:56.1440465Z'
Number of updated asset objects reloaded before import = 0
Number of asset objects unloaded after import = 0
========================================================================
Received Import Request.
  Time since last request: 0.008144 seconds.
  path: Assets/Scripts/DeviceDetector.cs
  artifactKey: Guid(2801f688cf50c4946a8d1dda4c4eaa92) Importer(815301076,1909f56bfc062723c751e8b465ee728b)
Start importing Assets/Scripts/DeviceDetector.cs using Guid(2801f688cf50c4946a8d1dda4c4eaa92) Importer(815301076,1909f56bfc062723c751e8b465ee728b)  -> (artifact id: '00000000000000000000000000000000') in 0.000591 seconds
Import Error Code:(4)
Message: Build asset version error: assets/scripts/devicedetector.cs in SourceAssetDB has modification time of '2026-03-12T23:24:42.2430774Z' while content on disk has modification time of '2026-03-12T23:24:56.1440465Z'
  ERROR: Build asset version error: assets/scripts/devicedetector.cs in SourceAssetDB has modification time of '2026-03-12T23:24:42.2430774Z' while content on disk has modification time of '2026-03-12T23:24:56.1440465Z'
Number of updated asset objects reloaded before import = 0
Number of asset objects unloaded after import = 0
========================================================================
Received Import Request.
  Time since last request: 0.012605 seconds.
  path: Assets/Scripts/DeviceDetector.cs
  artifactKey: Guid(2801f688cf50c4946a8d1dda4c4eaa92) Importer(815301076,1909f56bfc062723c751e8b465ee728b)
Start importing Assets/Scripts/DeviceDetector.cs using Guid(2801f688cf50c4946a8d1dda4c4eaa92) Importer(815301076,1909f56bfc062723c751e8b465ee728b)  -> (artifact id: '00000000000000000000000000000000') in 0.000674 seconds
Import Error Code:(4)
Message: Build asset version error: assets/scripts/devicedetector.cs in SourceAssetDB has modification time of '2026-03-12T23:24:42.2430774Z' while content on disk has modification time of '2026-03-12T23:24:56.1440465Z'
  ERROR: Build asset version error: assets/scripts/devicedetector.cs in SourceAssetDB has modification time of '2026-03-12T23:24:42.2430774Z' while content on disk has modification time of '2026-03-12T23:24:56.1440465Z'
Number of updated asset objects reloaded before import = 0
Number of asset objects unloaded after import = 0
========================================================================
Received Import Request.
  Time since last request: 0.000234 seconds.
  path: Assets/Scripts/DeviceDetector.cs
  artifactKey: Guid(2801f688cf50c4946a8d1dda4c4eaa92) Importer(815301076,1909f56bfc062723c751e8b465ee728b)
Start importing Assets/Scripts/DeviceDetector.cs using Guid(2801f688cf50c4946a8d1dda4c4eaa92) Importer(815301076,1909f56bfc062723c751e8b465ee728b)  -> (artifact id: '00000000000000000000000000000000') in 0.000620 seconds
Import Error Code:(4)
Message: Build asset version error: assets/scripts/devicedetector.cs in SourceAssetDB has modification time of '2026-03-12T23:24:42.2430774Z' while content on disk has modification time of '2026-03-12T23:24:56.1440465Z'
  ERROR: Build asset version error: assets/scripts/devicedetector.cs in SourceAssetDB has modification time of '2026-03-12T23:24:42.2430774Z' while content on disk has modification time of '2026-03-12T23:24:56.1440465Z'
Number of updated asset objects reloaded before import = 0
Number of asset objects unloaded after import = 0
========================================================================
Received Import Request.
  Time since last request: 0.012442 seconds.
  path: Assets/Scripts/DeviceDetector.cs
  artifactKey: Guid(2801f688cf50c4946a8d1dda4c4eaa92) Importer(815301076,1909f56bfc062723c751e8b465ee728b)
Start importing Assets/Scripts/DeviceDetector.cs using Guid(2801f688cf50c4946a8d1dda4c4eaa92) Importer(815301076,1909f56bfc062723c751e8b465ee728b)  -> (artifact id: '00000000000000000000000000000000') in 0.000688 seconds
Import Error Code:(4)
Message: Build asset version error: assets/scripts/devicedetector.cs in SourceAssetDB has modification time of '2026-03-12T23:24:42.2430774Z' while content on disk has modification time of '2026-03-12T23:24:56.1440465Z'
  ERROR: Build asset version error: assets/scripts/devicedetector.cs in SourceAssetDB has modification time of '2026-03-12T23:24:42.2430774Z' while content on disk has modification time of '2026-03-12T23:24:56.1440465Z'
Number of updated asset objects reloaded before import = 0
Number of asset objects unloaded after import = 0
========================================================================
Received Import Request.
  Time since last request: 0.008508 seconds.
  path: Assets/Scripts/DeviceDetector.cs
  artifactKey: Guid(2801f688cf50c4946a8d1dda4c4eaa92) Importer(815301076,1909f56bfc062723c751e8b465ee728b)
Start importing Assets/Scripts/DeviceDetector.cs using Guid(2801f688cf50c4946a8d1dda4c4eaa92) Importer(815301076,1909f56bfc062723c751e8b465ee728b)  -> (artifact id: '00000000000000000000000000000000') in 0.000623 seconds
Import Error Code:(4)
Message: Build asset version error: assets/scripts/devicedetector.cs in SourceAssetDB has modification time of '2026-03-12T23:24:42.2430774Z' while content on disk has modification time of '2026-03-12T23:24:56.1440465Z'
  ERROR: Build asset version error: assets/scripts/devicedetector.cs in SourceAssetDB has modification time of '2026-03-12T23:24:42.2430774Z' while content on disk has modification time of '2026-03-12T23:24:56.1440465Z'
Number of updated asset objects reloaded before import = 0
Number of asset objects unloaded after import = 0
========================================================================
Received Import Request.
  Time since last request: 0.008555 seconds.
  path: Assets/Scripts/DeviceDetector.cs
  artifactKey: Guid(2801f688cf50c4946a8d1dda4c4eaa92) Importer(815301076,1909f56bfc062723c751e8b465ee728b)
Start importing Assets/Scripts/DeviceDetector.cs using Guid(2801f688cf50c4946a8d1dda4c4eaa92) Importer(815301076,1909f56bfc062723c751e8b465ee728b)  -> (artifact id: '00000000000000000000000000000000') in 0.000664 seconds
Import Error Code:(4)
Message: Build asset version error: assets/scripts/devicedetector.cs in SourceAssetDB has modification time of '2026-03-12T23:24:42.2430774Z' while content on disk has modification time of '2026-03-12T23:24:56.1440465Z'
  ERROR: Build asset version error: assets/scripts/devicedetector.cs in SourceAssetDB has modification time of '2026-03-12T23:24:42.2430774Z' while content on disk has modification time of '2026-03-12T23:24:56.1440465Z'
Number of updated asset objects reloaded before import = 0
Number of asset objects unloaded after import = 0
========================================================================
Received Import Request.
  Time since last request: 0.001974 seconds.
  path: Assets/Scripts/DeviceDetector.cs
  artifactKey: Guid(2801f688cf50c4946a8d1dda4c4eaa92) Importer(815301076,1909f56bfc062723c751e8b465ee728b)
Start importing Assets/Scripts/DeviceDetector.cs using Guid(2801f688cf50c4946a8d1dda4c4eaa92) Importer(815301076,1909f56bfc062723c751e8b465ee728b)  -> (artifact id: '00000000000000000000000000000000') in 0.000816 seconds
Import Error Code:(4)
Message: Build asset version error: assets/scripts/devicedetector.cs in SourceAssetDB has modification time of '2026-03-12T23:24:42.2430774Z' while content on disk has modification time of '2026-03-12T23:24:56.1440465Z'
  ERROR: Build asset version error: assets/scripts/devicedetector.cs in SourceAssetDB has modification time of '2026-03-12T23:24:42.2430774Z' while content on disk has modification time of '2026-03-12T23:24:56.1440465Z'
Number of updated asset objects reloaded before import = 0
Number of asset objects unloaded after import = 0
========================================================================
Received Import Request.
  Time since last request: 0.008873 seconds.
  path: Assets/Scripts/DeviceDetector.cs
  artifactKey: Guid(2801f688cf50c4946a8d1dda4c4eaa92) Importer(815301076,1909f56bfc062723c751e8b465ee728b)
Start importing Assets/Scripts/DeviceDetector.cs using Guid(2801f688cf50c4946a8d1dda4c4eaa92) Importer(815301076,1909f56bfc062723c751e8b465ee728b)  -> (artifact id: '00000000000000000000000000000000') in 0.000483 seconds
Import Error Code:(4)
Message: Build asset version error: assets/scripts/devicedetector.cs in SourceAssetDB has modification time of '2026-03-12T23:24:42.2430774Z' while content on disk has modification time of '2026-03-12T23:24:56.1440465Z'
  ERROR: Build asset version error: assets/scripts/devicedetector.cs in SourceAssetDB has modification time of '2026-03-12T23:24:42.2430774Z' while content on disk has modification time of '2026-03-12T23:24:56.1440465Z'
Number of updated asset objects reloaded before import = 0
Number of asset objects unloaded after import = 0
========================================================================
Received Import Request.
  Time since last request: 0.009438 seconds.
  path: Assets/Scripts/DeviceDetector.cs
  artifactKey: Guid(2801f688cf50c4946a8d1dda4c4eaa92) Importer(815301076,1909f56bfc062723c751e8b465ee728b)
Start importing Assets/Scripts/DeviceDetector.cs using Guid(2801f688cf50c4946a8d1dda4c4eaa92) Importer(815301076,1909f56bfc062723c751e8b465ee728b)  -> (artifact id: '00000000000000000000000000000000') in 0.000650 seconds
Import Error Code:(4)
Message: Build asset version error: assets/scripts/devicedetector.cs in SourceAssetDB has modification time of '2026-03-12T23:24:42.2430774Z' while content on disk has modification time of '2026-03-12T23:24:56.1440465Z'
  ERROR: Build asset version error: assets/scripts/devicedetector.cs in SourceAssetDB has modification time of '2026-03-12T23:24:42.2430774Z' while content on disk has modification time of '2026-03-12T23:24:56.1440465Z'
Number of updated asset objects reloaded before import = 0
Number of asset objects unloaded after import = 0
========================================================================
Received Import Request.
  Time since last request: 0.009049 seconds.
  path: Assets/Scripts/DeviceDetector.cs
  artifactKey: Guid(2801f688cf50c4946a8d1dda4c4eaa92) Importer(815301076,1909f56bfc062723c751e8b465ee728b)
Start importing Assets/Scripts/DeviceDetector.cs using Guid(2801f688cf50c4946a8d1dda4c4eaa92) Importer(815301076,1909f56bfc062723c751e8b465ee728b)  -> (artifact id: '00000000000000000000000000000000') in 0.000519 seconds
Import Error Code:(4)
Message: Build asset version error: assets/scripts/devicedetector.cs in SourceAssetDB has modification time of '2026-03-12T23:24:42.2430774Z' while content on disk has modification time of '2026-03-12T23:24:56.1440465Z'
  ERROR: Build asset version error: assets/scripts/devicedetector.cs in SourceAssetDB has modification time of '2026-03-12T23:24:42.2430774Z' while content on disk has modification time of '2026-03-12T23:24:56.1440465Z'
Number of updated asset objects reloaded before import = 0
Number of asset objects unloaded after import = 0
========================================================================
Received Import Request.
  Time since last request: 0.010320 seconds.
  path: Assets/Scripts/DeviceDetector.cs
  artifactKey: Guid(2801f688cf50c4946a8d1dda4c4eaa92) Importer(815301076,1909f56bfc062723c751e8b465ee728b)
Start importing Assets/Scripts/DeviceDetector.cs using Guid(2801f688cf50c4946a8d1dda4c4eaa92) Importer(815301076,1909f56bfc062723c751e8b465ee728b)  -> (artifact id: '00000000000000000000000000000000') in 0.000654 seconds
Import Error Code:(4)
Message: Build asset version error: assets/scripts/devicedetector.cs in SourceAssetDB has modification time of '2026-03-12T23:24:42.2430774Z' while content on disk has modification time of '2026-03-12T23:24:56.1440465Z'
  ERROR: Build asset version error: assets/scripts/devicedetector.cs in SourceAssetDB has modification time of '2026-03-12T23:24:42.2430774Z' while content on disk has modification time of '2026-03-12T23:24:56.1440465Z'
Number of updated asset objects reloaded before import = 0
Number of asset objects unloaded after import = 0
========================================================================
Received Import Request.
  Time since last request: 0.008576 seconds.
  path: Assets/Scripts/DeviceDetector.cs
  artifactKey: Guid(2801f688cf50c4946a8d1dda4c4eaa92) Importer(815301076,1909f56bfc062723c751e8b465ee728b)
Start importing Assets/Scripts/DeviceDetector.cs using Guid(2801f688cf50c4946a8d1dda4c4eaa92) Importer(815301076,1909f56bfc062723c751e8b465ee728b)  -> (artifact id: '00000000000000000000000000000000') in 0.000577 seconds
Import Error Code:(4)
Message: Build asset version error: assets/scripts/devicedetector.cs in SourceAssetDB has modification time of '2026-03-12T23:24:42.2430774Z' while content on disk has modification time of '2026-03-12T23:24:56.1440465Z'
  ERROR: Build asset version error: assets/scripts/devicedetector.cs in SourceAssetDB has modification time of '2026-03-12T23:24:42.2430774Z' while content on disk has modification time of '2026-03-12T23:24:56.1440465Z'
Number of updated asset objects reloaded before import = 0
Number of asset objects unloaded after import = 0
========================================================================
Received Import Request.
  Time since last request: 0.009493 seconds.
  path: Assets/Scripts/DeviceDetector.cs
  artifactKey: Guid(2801f688cf50c4946a8d1dda4c4eaa92) Importer(815301076,1909f56bfc062723c751e8b465ee728b)
Start importing Assets/Scripts/DeviceDetector.cs using Guid(2801f688cf50c4946a8d1dda4c4eaa92) Importer(815301076,1909f56bfc062723c751e8b465ee728b)  -> (artifact id: '00000000000000000000000000000000') in 0.000874 seconds
Import Error Code:(4)
Message: Build asset version error: assets/scripts/devicedetector.cs in SourceAssetDB has modification time of '2026-03-12T23:24:42.2430774Z' while content on disk has modification time of '2026-03-12T23:24:56.1440465Z'
  ERROR: Build asset version error: assets/scripts/devicedetector.cs in SourceAssetDB has modification time of '2026-03-12T23:24:42.2430774Z' while content on disk has modification time of '2026-03-12T23:24:56.1440465Z'
Number of updated asset objects reloaded before import = 0
Number of asset objects unloaded after import = 0
========================================================================
Received Import Request.
  Time since last request: 0.009919 seconds.
  path: Assets/Scripts/DeviceDetector.cs
  artifactKey: Guid(2801f688cf50c4946a8d1dda4c4eaa92) Importer(815301076,1909f56bfc062723c751e8b465ee728b)
Start importing Assets/Scripts/DeviceDetector.cs using Guid(2801f688cf50c4946a8d1dda4c4eaa92) Importer(815301076,1909f56bfc062723c751e8b465ee728b)  -> (artifact id: '00000000000000000000000000000000') in 0.000565 seconds
Import Error Code:(4)
Message: Build asset version error: assets/scripts/devicedetector.cs in SourceAssetDB has modification time of '2026-03-12T23:24:42.2430774Z' while content on disk has modification time of '2026-03-12T23:24:56.1440465Z'
  ERROR: Build asset version error: assets/scripts/devicedetector.cs in SourceAssetDB has modification time of '2026-03-12T23:24:42.2430774Z' while content on disk has modification time of '2026-03-12T23:24:56.1440465Z'
Number of updated asset objects reloaded before import = 0
Number of asset objects unloaded after import = 0
========================================================================
Received Import Request.
  Time since last request: 0.012396 seconds.
  path: Assets/Scripts/DeviceDetector.cs
  artifactKey: Guid(2801f688cf50c4946a8d1dda4c4eaa92) Importer(815301076,1909f56bfc062723c751e8b465ee728b)
Start importing Assets/Scripts/DeviceDetector.cs using Guid(2801f688cf50c4946a8d1dda4c4eaa92) Importer(815301076,1909f56bfc062723c751e8b465ee728b)  -> (artifact id: '00000000000000000000000000000000') in 0.000514 seconds
Import Error Code:(4)
Message: Build asset version error: assets/scripts/devicedetector.cs in SourceAssetDB has modification time of '2026-03-12T23:24:42.2430774Z' while content on disk has modification time of '2026-03-12T23:24:56.1440465Z'
  ERROR: Build asset version error: assets/scripts/devicedetector.cs in SourceAssetDB has modification time of '2026-03-12T23:24:42.2430774Z' while content on disk has modification time of '2026-03-12T23:24:56.1440465Z'
Number of updated asset objects reloaded before import = 0
Number of asset objects unloaded after import = 0
========================================================================
Received Import Request.
  Time since last request: 0.008410 seconds.
  path: Assets/Scripts/DeviceDetector.cs
  artifactKey: Guid(2801f688cf50c4946a8d1dda4c4eaa92) Importer(815301076,1909f56bfc062723c751e8b465ee728b)
Start importing Assets/Scripts/DeviceDetector.cs using Guid(2801f688cf50c4946a8d1dda4c4eaa92) Importer(815301076,1909f56bfc062723c751e8b465ee728b)  -> (artifact id: '00000000000000000000000000000000') in 0.000635 seconds
Import Error Code:(4)
Message: Build asset version error: assets/scripts/devicedetector.cs in SourceAssetDB has modification time of '2026-03-12T23:24:42.2430774Z' while content on disk has modification time of '2026-03-12T23:24:56.1440465Z'
  ERROR: Build asset version error: assets/scripts/devicedetector.cs in SourceAssetDB has modification time of '2026-03-12T23:24:42.2430774Z' while content on disk has modification time of '2026-03-12T23:24:56.1440465Z'
Number of updated asset objects reloaded before import = 0
Number of asset objects unloaded after import = 0
========================================================================
Received Import Request.
  Time since last request: 0.007985 seconds.
  path: Assets/Scripts/DeviceDetector.cs
  artifactKey: Guid(2801f688cf50c4946a8d1dda4c4eaa92) Importer(815301076,1909f56bfc062723c751e8b465ee728b)
Start importing Assets/Scripts/DeviceDetector.cs using Guid(2801f688cf50c4946a8d1dda4c4eaa92) Importer(815301076,1909f56bfc062723c751e8b465ee728b)  -> (artifact id: '00000000000000000000000000000000') in 0.000747 seconds
Import Error Code:(4)
Message: Build asset version error: assets/scripts/devicedetector.cs in SourceAssetDB has modification time of '2026-03-12T23:24:42.2430774Z' while content on disk has modification time of '2026-03-12T23:24:56.1440465Z'
  ERROR: Build asset version error: assets/scripts/devicedetector.cs in SourceAssetDB has modification time of '2026-03-12T23:24:42.2430774Z' while content on disk has modification time of '2026-03-12T23:24:56.1440465Z'
Number of updated asset objects reloaded before import = 0
Number of asset objects unloaded after import = 0
========================================================================
Received Import Request.
  Time since last request: 0.010842 seconds.
  path: Assets/Scripts/DeviceDetector.cs
  artifactKey: Guid(2801f688cf50c4946a8d1dda4c4eaa92) Importer(815301076,1909f56bfc062723c751e8b465ee728b)
Start importing Assets/Scripts/DeviceDetector.cs using Guid(2801f688cf50c4946a8d1dda4c4eaa92) Importer(815301076,1909f56bfc062723c751e8b465ee728b)  -> (artifact id: '00000000000000000000000000000000') in 0.000706 seconds
Import Error Code:(4)
Message: Build asset version error: assets/scripts/devicedetector.cs in SourceAssetDB has modification time of '2026-03-12T23:24:42.2430774Z' while content on disk has modification time of '2026-03-12T23:24:56.1440465Z'
  ERROR: Build asset version error: assets/scripts/devicedetector.cs in SourceAssetDB has modification time of '2026-03-12T23:24:42.2430774Z' while content on disk has modification time of '2026-03-12T23:24:56.1440465Z'
Number of updated asset objects reloaded before import = 0
Number of asset objects unloaded after import = 0
========================================================================
Received Import Request.
  Time since last request: 0.010143 seconds.
  path: Assets/Scripts/DeviceDetector.cs
  artifactKey: Guid(2801f688cf50c4946a8d1dda4c4eaa92) Importer(815301076,1909f56bfc062723c751e8b465ee728b)
Start importing Assets/Scripts/DeviceDetector.cs using Guid(2801f688cf50c4946a8d1dda4c4eaa92) Importer(815301076,1909f56bfc062723c751e8b465ee728b)  -> (artifact id: '00000000000000000000000000000000') in 0.000615 seconds
Import Error Code:(4)
Message: Build asset version error: assets/scripts/devicedetector.cs in SourceAssetDB has modification time of '2026-03-12T23:24:42.2430774Z' while content on disk has modification time of '2026-03-12T23:24:56.1440465Z'
  ERROR: Build asset version error: assets/scripts/devicedetector.cs in SourceAssetDB has modification time of '2026-03-12T23:24:42.2430774Z' while content on disk has modification time of '2026-03-12T23:24:56.1440465Z'
Number of updated asset objects reloaded before import = 0
Number of asset objects unloaded after import = 0
========================================================================
Received Import Request.
  Time since last request: 0.009884 seconds.
  path: Assets/Scripts/DeviceDetector.cs
  artifactKey: Guid(2801f688cf50c4946a8d1dda4c4eaa92) Importer(815301076,1909f56bfc062723c751e8b465ee728b)
Start importing Assets/Scripts/DeviceDetector.cs using Guid(2801f688cf50c4946a8d1dda4c4eaa92) Importer(815301076,1909f56bfc062723c751e8b465ee728b)  -> (artifact id: '00000000000000000000000000000000') in 0.000733 seconds
Import Error Code:(4)
Message: Build asset version error: assets/scripts/devicedetector.cs in SourceAssetDB has modification time of '2026-03-12T23:24:42.2430774Z' while content on disk has modification time of '2026-03-12T23:24:56.1440465Z'
  ERROR: Build asset version error: assets/scripts/devicedetector.cs in SourceAssetDB has modification time of '2026-03-12T23:24:42.2430774Z' while content on disk has modification time of '2026-03-12T23:24:56.1440465Z'
Number of updated asset objects reloaded before import = 0
Number of asset objects unloaded after import = 0
========================================================================
Received Import Request.
  Time since last request: 0.014129 seconds.
  path: Assets/Scripts/DeviceDetector.cs
  artifactKey: Guid(2801f688cf50c4946a8d1dda4c4eaa92) Importer(815301076,1909f56bfc062723c751e8b465ee728b)
Start importing Assets/Scripts/DeviceDetector.cs using Guid(2801f688cf50c4946a8d1dda4c4eaa92) Importer(815301076,1909f56bfc062723c751e8b465ee728b)  -> (artifact id: '00000000000000000000000000000000') in 0.000530 seconds
Import Error Code:(4)
Message: Build asset version error: assets/scripts/devicedetector.cs in SourceAssetDB has modification time of '2026-03-12T23:24:42.2430774Z' while content on disk has modification time of '2026-03-12T23:24:56.1440465Z'
  ERROR: Build asset version error: assets/scripts/devicedetector.cs in SourceAssetDB has modification time of '2026-03-12T23:24:42.2430774Z' while content on disk has modification time of '2026-03-12T23:24:56.1440465Z'
Number of updated asset objects reloaded before import = 0
Number of asset objects unloaded after import = 0
========================================================================
Received Import Request.
  Time since last request: 0.011890 seconds.
  path: Assets/Scripts/DeviceDetector.cs
  artifactKey: Guid(2801f688cf50c4946a8d1dda4c4eaa92) Importer(815301076,1909f56bfc062723c751e8b465ee728b)
Start importing Assets/Scripts/DeviceDetector.cs using Guid(2801f688cf50c4946a8d1dda4c4eaa92) Importer(815301076,1909f56bfc062723c751e8b465ee728b)  -> (artifact id: '00000000000000000000000000000000') in 0.000568 seconds
Import Error Code:(4)
Message: Build asset version error: assets/scripts/devicedetector.cs in SourceAssetDB has modification time of '2026-03-12T23:24:42.2430774Z' while content on disk has modification time of '2026-03-12T23:24:56.1440465Z'
  ERROR: Build asset version error: assets/scripts/devicedetector.cs in SourceAssetDB has modification time of '2026-03-12T23:24:42.2430774Z' while content on disk has modification time of '2026-03-12T23:24:56.1440465Z'
Number of updated asset objects reloaded before import = 0
Number of asset objects unloaded after import = 0
========================================================================
Received Import Request.
  Time since last request: 0.008998 seconds.
  path: Assets/Scripts/DeviceDetector.cs
  artifactKey: Guid(2801f688cf50c4946a8d1dda4c4eaa92) Importer(815301076,1909f56bfc062723c751e8b465ee728b)
Start importing Assets/Scripts/DeviceDetector.cs using Guid(2801f688cf50c4946a8d1dda4c4eaa92) Importer(815301076,1909f56bfc062723c751e8b465ee728b)  -> (artifact id: '00000000000000000000000000000000') in 0.000800 seconds
Import Error Code:(4)
Message: Build asset version error: assets/scripts/devicedetector.cs in SourceAssetDB has modification time of '2026-03-12T23:24:42.2430774Z' while content on disk has modification time of '2026-03-12T23:24:56.1440465Z'
  ERROR: Build asset version error: assets/scripts/devicedetector.cs in SourceAssetDB has modification time of '2026-03-12T23:24:42.2430774Z' while content on disk has modification time of '2026-03-12T23:24:56.1440465Z'
Number of updated asset objects reloaded before import = 0
Number of asset objects unloaded after import = 0
========================================================================
Received Import Request.
  Time since last request: 0.011236 seconds.
  path: Assets/Scripts/DeviceDetector.cs
  artifactKey: Guid(2801f688cf50c4946a8d1dda4c4eaa92) Importer(815301076,1909f56bfc062723c751e8b465ee728b)
Start importing Assets/Scripts/DeviceDetector.cs using Guid(2801f688cf50c4946a8d1dda4c4eaa92) Importer(815301076,1909f56bfc062723c751e8b465ee728b)  -> (artifact id: '00000000000000000000000000000000') in 0.000990 seconds
Import Error Code:(4)
Message: Build asset version error: assets/scripts/devicedetector.cs in SourceAssetDB has modification time of '2026-03-12T23:24:42.2430774Z' while content on disk has modification time of '2026-03-12T23:24:56.1440465Z'
  ERROR: Build asset version error: assets/scripts/devicedetector.cs in SourceAssetDB has modification time of '2026-03-12T23:24:42.2430774Z' while content on disk has modification time of '2026-03-12T23:24:56.1440465Z'
Number of updated asset objects reloaded before import = 0
Number of asset objects unloaded after import = 0
========================================================================
Received Import Request.
  Time since last request: 0.011011 seconds.
  path: Assets/Scripts/DeviceDetector.cs
  artifactKey: Guid(2801f688cf50c4946a8d1dda4c4eaa92) Importer(815301076,1909f56bfc062723c751e8b465ee728b)
Start importing Assets/Scripts/DeviceDetector.cs using Guid(2801f688cf50c4946a8d1dda4c4eaa92) Importer(815301076,1909f56bfc062723c751e8b465ee728b)  -> (artifact id: '00000000000000000000000000000000') in 0.000645 seconds
Import Error Code:(4)
Message: Build asset version error: assets/scripts/devicedetector.cs in SourceAssetDB has modification time of '2026-03-12T23:24:42.2430774Z' while content on disk has modification time of '2026-03-12T23:24:56.1440465Z'
  ERROR: Build asset version error: assets/scripts/devicedetector.cs in SourceAssetDB has modification time of '2026-03-12T23:24:42.2430774Z' while content on disk has modification time of '2026-03-12T23:24:56.1440465Z'
Number of updated asset objects reloaded before import = 0
Number of asset objects unloaded after import = 0
========================================================================
Received Import Request.
  Time since last request: 0.009853 seconds.
  path: Assets/Scripts/DeviceDetector.cs
  artifactKey: Guid(2801f688cf50c4946a8d1dda4c4eaa92) Importer(815301076,1909f56bfc062723c751e8b465ee728b)
Start importing Assets/Scripts/DeviceDetector.cs using Guid(2801f688cf50c4946a8d1dda4c4eaa92) Importer(815301076,1909f56bfc062723c751e8b465ee728b)  -> (artifact id: '00000000000000000000000000000000') in 0.000571 seconds
Import Error Code:(4)
Message: Build asset version error: assets/scripts/devicedetector.cs in SourceAssetDB has modification time of '2026-03-12T23:24:42.2430774Z' while content on disk has modification time of '2026-03-12T23:24:56.1440465Z'
  ERROR: Build asset version error: assets/scripts/devicedetector.cs in SourceAssetDB has modification time of '2026-03-12T23:24:42.2430774Z' while content on disk has modification time of '2026-03-12T23:24:56.1440465Z'
Number of updated asset objects reloaded before import = 0
Number of asset objects unloaded after import = 0
========================================================================
Received Import Request.
  Time since last request: 0.007932 seconds.
  path: Assets/Scripts/DeviceDetector.cs
  artifactKey: Guid(2801f688cf50c4946a8d1dda4c4eaa92) Importer(815301076,1909f56bfc062723c751e8b465ee728b)
Start importing Assets/Scripts/DeviceDetector.cs using Guid(2801f688cf50c4946a8d1dda4c4eaa92) Importer(815301076,1909f56bfc062723c751e8b465ee728b)  -> (artifact id: '00000000000000000000000000000000') in 0.001122 seconds
Import Error Code:(4)
Message: Build asset version error: assets/scripts/devicedetector.cs in SourceAssetDB has modification time of '2026-03-12T23:24:42.2430774Z' while content on disk has modification time of '2026-03-12T23:24:56.1440465Z'
  ERROR: Build asset version error: assets/scripts/devicedetector.cs in SourceAssetDB has modification time of '2026-03-12T23:24:42.2430774Z' while content on disk has modification time of '2026-03-12T23:24:56.1440465Z'
Number of updated asset objects reloaded before import = 0
Number of asset objects unloaded after import = 0
========================================================================
Received Import Request.
  Time since last request: 0.009641 seconds.
  path: Assets/Scripts/DeviceDetector.cs
  artifactKey: Guid(2801f688cf50c4946a8d1dda4c4eaa92) Importer(815301076,1909f56bfc062723c751e8b465ee728b)
Start importing Assets/Scripts/DeviceDetector.cs using Guid(2801f688cf50c4946a8d1dda4c4eaa92) Importer(815301076,1909f56bfc062723c751e8b465ee728b)  -> (artifact id: '00000000000000000000000000000000') in 0.000635 seconds
Import Error Code:(4)
Message: Build asset version error: assets/scripts/devicedetector.cs in SourceAssetDB has modification time of '2026-03-12T23:24:42.2430774Z' while content on disk has modification time of '2026-03-12T23:24:56.1440465Z'
  ERROR: Build asset version error: assets/scripts/devicedetector.cs in SourceAssetDB has modification time of '2026-03-12T23:24:42.2430774Z' while content on disk has modification time of '2026-03-12T23:24:56.1440465Z'
Number of updated asset objects reloaded before import = 0
Number of asset objects unloaded after import = 0
========================================================================
Received Import Request.
  Time since last request: 0.008797 seconds.
  path: Assets/Scripts/DeviceDetector.cs
  artifactKey: Guid(2801f688cf50c4946a8d1dda4c4eaa92) Importer(815301076,1909f56bfc062723c751e8b465ee728b)
Start importing Assets/Scripts/DeviceDetector.cs using Guid(2801f688cf50c4946a8d1dda4c4eaa92) Importer(815301076,1909f56bfc062723c751e8b465ee728b)  -> (artifact id: '00000000000000000000000000000000') in 0.000696 seconds
Import Error Code:(4)
Message: Build asset version error: assets/scripts/devicedetector.cs in SourceAssetDB has modification time of '2026-03-12T23:24:42.2430774Z' while content on disk has modification time of '2026-03-12T23:24:56.1440465Z'
  ERROR: Build asset version error: assets/scripts/devicedetector.cs in SourceAssetDB has modification time of '2026-03-12T23:24:42.2430774Z' while content on disk has modification time of '2026-03-12T23:24:56.1440465Z'
Number of updated asset objects reloaded before import = 0
Number of asset objects unloaded after import = 0
========================================================================
Received Import Request.
  Time since last request: 0.008922 seconds.
  path: Assets/Scripts/DeviceDetector.cs
  artifactKey: Guid(2801f688cf50c4946a8d1dda4c4eaa92) Importer(815301076,1909f56bfc062723c751e8b465ee728b)
Start importing Assets/Scripts/DeviceDetector.cs using Guid(2801f688cf50c4946a8d1dda4c4eaa92) Importer(815301076,1909f56bfc062723c751e8b465ee728b)  -> (artifact id: '00000000000000000000000000000000') in 0.000557 seconds
Import Error Code:(4)
Message: Build asset version error: assets/scripts/devicedetector.cs in SourceAssetDB has modification time of '2026-03-12T23:24:42.2430774Z' while content on disk has modification time of '2026-03-12T23:24:56.1440465Z'
  ERROR: Build asset version error: assets/scripts/devicedetector.cs in SourceAssetDB has modification time of '2026-03-12T23:24:42.2430774Z' while content on disk has modification time of '2026-03-12T23:24:56.1440465Z'
Number of updated asset objects reloaded before import = 0
Number of asset objects unloaded after import = 0
========================================================================
Received Import Request.
  Time since last request: 0.008949 seconds.
  path: Assets/Scripts/DeviceDetector.cs
  artifactKey: Guid(2801f688cf50c4946a8d1dda4c4eaa92) Importer(815301076,1909f56bfc062723c751e8b465ee728b)
Start importing Assets/Scripts/DeviceDetector.cs using Guid(2801f688cf50c4946a8d1dda4c4eaa92) Importer(815301076,1909f56bfc062723c751e8b465ee728b)  -> (artifact id: '00000000000000000000000000000000') in 0.000627 seconds
Import Error Code:(4)
Message: Build asset version error: assets/scripts/devicedetector.cs in SourceAssetDB has modification time of '2026-03-12T23:24:42.2430774Z' while content on disk has modification time of '2026-03-12T23:24:56.1440465Z'
  ERROR: Build asset version error: assets/scripts/devicedetector.cs in SourceAssetDB has modification time of '2026-03-12T23:24:42.2430774Z' while content on disk has modification time of '2026-03-12T23:24:56.1440465Z'
Number of updated asset objects reloaded before import = 0
Number of asset objects unloaded after import = 0
========================================================================
Received Import Request.
  Time since last request: 0.012418 seconds.
  path: Assets/Scripts/DeviceDetector.cs
  artifactKey: Guid(2801f688cf50c4946a8d1dda4c4eaa92) Importer(815301076,1909f56bfc062723c751e8b465ee728b)
Start importing Assets/Scripts/DeviceDetector.cs using Guid(2801f688cf50c4946a8d1dda4c4eaa92) Importer(815301076,1909f56bfc062723c751e8b465ee728b)  -> (artifact id: '00000000000000000000000000000000') in 0.000702 seconds
Import Error Code:(4)
Message: Build asset version error: assets/scripts/devicedetector.cs in SourceAssetDB has modification time of '2026-03-12T23:24:42.2430774Z' while content on disk has modification time of '2026-03-12T23:24:56.1440465Z'
  ERROR: Build asset version error: assets/scripts/devicedetector.cs in SourceAssetDB has modification time of '2026-03-12T23:24:42.2430774Z' while content on disk has modification time of '2026-03-12T23:24:56.1440465Z'
Number of updated asset objects reloaded before import = 0
Number of asset objects unloaded after import = 0
========================================================================
Received Import Request.
  Time since last request: 0.011274 seconds.
  path: Assets/Scripts/DeviceDetector.cs
  artifactKey: Guid(2801f688cf50c4946a8d1dda4c4eaa92) Importer(815301076,1909f56bfc062723c751e8b465ee728b)
Start importing Assets/Scripts/DeviceDetector.cs using Guid(2801f688cf50c4946a8d1dda4c4eaa92) Importer(815301076,1909f56bfc062723c751e8b465ee728b)  -> (artifact id: '00000000000000000000000000000000') in 0.000617 seconds
Import Error Code:(4)
Message: Build asset version error: assets/scripts/devicedetector.cs in SourceAssetDB has modification time of '2026-03-12T23:24:42.2430774Z' while content on disk has modification time of '2026-03-12T23:24:56.1440465Z'
  ERROR: Build asset version error: assets/scripts/devicedetector.cs in SourceAssetDB has modification time of '2026-03-12T23:24:42.2430774Z' while content on disk has modification time of '2026-03-12T23:24:56.1440465Z'
Number of updated asset objects reloaded before import = 0
Number of asset objects unloaded after import = 0
========================================================================
Received Import Request.
  Time since last request: 0.010555 seconds.
  path: Assets/Scripts/DeviceDetector.cs
  artifactKey: Guid(2801f688cf50c4946a8d1dda4c4eaa92) Importer(815301076,1909f56bfc062723c751e8b465ee728b)
Start importing Assets/Scripts/DeviceDetector.cs using Guid(2801f688cf50c4946a8d1dda4c4eaa92) Importer(815301076,1909f56bfc062723c751e8b465ee728b)  -> (artifact id: '00000000000000000000000000000000') in 0.000627 seconds
Import Error Code:(4)
Message: Build asset version error: assets/scripts/devicedetector.cs in SourceAssetDB has modification time of '2026-03-12T23:24:42.2430774Z' while content on disk has modification time of '2026-03-12T23:24:56.1440465Z'
  ERROR: Build asset version error: assets/scripts/devicedetector.cs in SourceAssetDB has modification time of '2026-03-12T23:24:42.2430774Z' while content on disk has modification time of '2026-03-12T23:24:56.1440465Z'
Number of updated asset objects reloaded before import = 0
Number of asset objects unloaded after import = 0
========================================================================
Received Import Request.
  Time since last request: 0.010157 seconds.
  path: Assets/Scripts/DeviceDetector.cs
  artifactKey: Guid(2801f688cf50c4946a8d1dda4c4eaa92) Importer(815301076,1909f56bfc062723c751e8b465ee728b)
Start importing Assets/Scripts/DeviceDetector.cs using Guid(2801f688cf50c4946a8d1dda4c4eaa92) Importer(815301076,1909f56bfc062723c751e8b465ee728b)  -> (artifact id: '00000000000000000000000000000000') in 0.000618 seconds
Import Error Code:(4)
Message: Build asset version error: assets/scripts/devicedetector.cs in SourceAssetDB has modification time of '2026-03-12T23:24:42.2430774Z' while content on disk has modification time of '2026-03-12T23:24:56.1440465Z'
  ERROR: Build asset version error: assets/scripts/devicedetector.cs in SourceAssetDB has modification time of '2026-03-12T23:24:42.2430774Z' while content on disk has modification time of '2026-03-12T23:24:56.1440465Z'
Number of updated asset objects reloaded before import = 0
Number of asset objects unloaded after import = 0
========================================================================
Received Import Request.
  Time since last request: 0.011397 seconds.
  path: Assets/Scripts/DeviceDetector.cs
  artifactKey: Guid(2801f688cf50c4946a8d1dda4c4eaa92) Importer(815301076,1909f56bfc062723c751e8b465ee728b)
Start importing Assets/Scripts/DeviceDetector.cs using Guid(2801f688cf50c4946a8d1dda4c4eaa92) Importer(815301076,1909f56bfc062723c751e8b465ee728b)  -> (artifact id: '00000000000000000000000000000000') in 0.000789 seconds
Import Error Code:(4)
Message: Build asset version error: assets/scripts/devicedetector.cs in SourceAssetDB has modification time of '2026-03-12T23:24:42.2430774Z' while content on disk has modification time of '2026-03-12T23:24:56.1440465Z'
  ERROR: Build asset version error: assets/scripts/devicedetector.cs in SourceAssetDB has modification time of '2026-03-12T23:24:42.2430774Z' while content on disk has modification time of '2026-03-12T23:24:56.1440465Z'
Number of updated asset objects reloaded before import = 0
Number of asset objects unloaded after import = 0
========================================================================
Received Import Request.
  Time since last request: 0.012223 seconds.
  path: Assets/Scripts/DeviceDetector.cs
  artifactKey: Guid(2801f688cf50c4946a8d1dda4c4eaa92) Importer(815301076,1909f56bfc062723c751e8b465ee728b)
Start importing Assets/Scripts/DeviceDetector.cs using Guid(2801f688cf50c4946a8d1dda4c4eaa92) Importer(815301076,1909f56bfc062723c751e8b465ee728b)  -> (artifact id: '00000000000000000000000000000000') in 0.001520 seconds
Import Error Code:(4)
Message: Build asset version error: assets/scripts/devicedetector.cs in SourceAssetDB has modification time of '2026-03-12T23:24:42.2430774Z' while content on disk has modification time of '2026-03-12T23:24:56.1440465Z'
  ERROR: Build asset version error: assets/scripts/devicedetector.cs in SourceAssetDB has modification time of '2026-03-12T23:24:42.2430774Z' while content on disk has modification time of '2026-03-12T23:24:56.1440465Z'
Number of updated asset objects reloaded before import = 0
Number of asset objects unloaded after import = 0
========================================================================
Received Import Request.
  Time since last request: 0.008985 seconds.
  path: Assets/Scripts/DeviceDetector.cs
  artifactKey: Guid(2801f688cf50c4946a8d1dda4c4eaa92) Importer(815301076,1909f56bfc062723c751e8b465ee728b)
Start importing Assets/Scripts/DeviceDetector.cs using Guid(2801f688cf50c4946a8d1dda4c4eaa92) Importer(815301076,1909f56bfc062723c751e8b465ee728b)  -> (artifact id: '00000000000000000000000000000000') in 0.000689 seconds
Import Error Code:(4)
Message: Build asset version error: assets/scripts/devicedetector.cs in SourceAssetDB has modification time of '2026-03-12T23:24:42.2430774Z' while content on disk has modification time of '2026-03-12T23:24:56.1440465Z'
  ERROR: Build asset version error: assets/scripts/devicedetector.cs in SourceAssetDB has modification time of '2026-03-12T23:24:42.2430774Z' while content on disk has modification time of '2026-03-12T23:24:56.1440465Z'
Number of updated asset objects reloaded before import = 0
Number of asset objects unloaded after import = 0
========================================================================
Received Import Request.
  Time since last request: 0.007659 seconds.
  path: Assets/Scripts/DeviceDetector.cs
  artifactKey: Guid(2801f688cf50c4946a8d1dda4c4eaa92) Importer(815301076,1909f56bfc062723c751e8b465ee728b)
Start importing Assets/Scripts/DeviceDetector.cs using Guid(2801f688cf50c4946a8d1dda4c4eaa92) Importer(815301076,1909f56bfc062723c751e8b465ee728b)  -> (artifact id: '00000000000000000000000000000000') in 0.000556 seconds
Import Error Code:(4)
Message: Build asset version error: assets/scripts/devicedetector.cs in SourceAssetDB has modification time of '2026-03-12T23:24:42.2430774Z' while content on disk has modification time of '2026-03-12T23:24:56.1440465Z'
  ERROR: Build asset version error: assets/scripts/devicedetector.cs in SourceAssetDB has modification time of '2026-03-12T23:24:42.2430774Z' while content on disk has modification time of '2026-03-12T23:24:56.1440465Z'
Number of updated asset objects reloaded before import = 0
Number of asset objects unloaded after import = 0
========================================================================
Received Import Request.
  Time since last request: 0.007950 seconds.
  path: Assets/Scripts/DeviceDetector.cs
  artifactKey: Guid(2801f688cf50c4946a8d1dda4c4eaa92) Importer(815301076,1909f56bfc062723c751e8b465ee728b)
Start importing Assets/Scripts/DeviceDetector.cs using Guid(2801f688cf50c4946a8d1dda4c4eaa92) Importer(815301076,1909f56bfc062723c751e8b465ee728b)  -> (artifact id: '00000000000000000000000000000000') in 0.000614 seconds
Import Error Code:(4)
Message: Build asset version error: assets/scripts/devicedetector.cs in SourceAssetDB has modification time of '2026-03-12T23:24:42.2430774Z' while content on disk has modification time of '2026-03-12T23:24:56.1440465Z'
  ERROR: Build asset version error: assets/scripts/devicedetector.cs in SourceAssetDB has modification time of '2026-03-12T23:24:42.2430774Z' while content on disk has modification time of '2026-03-12T23:24:56.1440465Z'
Number of updated asset objects reloaded before import = 0
Number of asset objects unloaded after import = 0
========================================================================
Received Import Request.
  Time since last request: 0.007410 seconds.
  path: Assets/Scripts/DeviceDetector.cs
  artifactKey: Guid(2801f688cf50c4946a8d1dda4c4eaa92) Importer(815301076,1909f56bfc062723c751e8b465ee728b)
Start importing Assets/Scripts/DeviceDetector.cs using Guid(2801f688cf50c4946a8d1dda4c4eaa92) Importer(815301076,1909f56bfc062723c751e8b465ee728b)  -> (artifact id: '00000000000000000000000000000000') in 0.000516 seconds
Import Error Code:(4)
Message: Build asset version error: assets/scripts/devicedetector.cs in SourceAssetDB has modification time of '2026-03-12T23:24:42.2430774Z' while content on disk has modification time of '2026-03-12T23:24:56.1440465Z'
  ERROR: Build asset version error: assets/scripts/devicedetector.cs in SourceAssetDB has modification time of '2026-03-12T23:24:42.2430774Z' while content on disk has modification time of '2026-03-12T23:24:56.1440465Z'
Number of updated asset objects reloaded before import = 0
Number of asset objects unloaded after import = 0
========================================================================
Received Import Request.
  Time since last request: 0.011694 seconds.
  path: Assets/Scripts/DeviceDetector.cs
  artifactKey: Guid(2801f688cf50c4946a8d1dda4c4eaa92) Importer(815301076,1909f56bfc062723c751e8b465ee728b)
Start importing Assets/Scripts/DeviceDetector.cs using Guid(2801f688cf50c4946a8d1dda4c4eaa92) Importer(815301076,1909f56bfc062723c751e8b465ee728b)  -> (artifact id: '00000000000000000000000000000000') in 0.000624 seconds
Import Error Code:(4)
Message: Build asset version error: assets/scripts/devicedetector.cs in SourceAssetDB has modification time of '2026-03-12T23:24:42.2430774Z' while content on disk has modification time of '2026-03-12T23:24:56.1440465Z'
  ERROR: Build asset version error: assets/scripts/devicedetector.cs in SourceAssetDB has modification time of '2026-03-12T23:24:42.2430774Z' while content on disk has modification time of '2026-03-12T23:24:56.1440465Z'
Number of updated asset objects reloaded before import = 0
Number of asset objects unloaded after import = 0
========================================================================
Received Import Request.
  Time since last request: 0.009403 seconds.
  path: Assets/Scripts/DeviceDetector.cs
  artifactKey: Guid(2801f688cf50c4946a8d1dda4c4eaa92) Importer(815301076,1909f56bfc062723c751e8b465ee728b)
Start importing Assets/Scripts/DeviceDetector.cs using Guid(2801f688cf50c4946a8d1dda4c4eaa92) Importer(815301076,1909f56bfc062723c751e8b465ee728b)  -> (artifact id: '00000000000000000000000000000000') in 0.000551 seconds
Import Error Code:(4)
Message: Build asset version error: assets/scripts/devicedetector.cs in SourceAssetDB has modification time of '2026-03-12T23:24:42.2430774Z' while content on disk has modification time of '2026-03-12T23:24:56.1440465Z'
  ERROR: Build asset version error: assets/scripts/devicedetector.cs in SourceAssetDB has modification time of '2026-03-12T23:24:42.2430774Z' while content on disk has modification time of '2026-03-12T23:24:56.1440465Z'
Number of updated asset objects reloaded before import = 0
Number of asset objects unloaded after import = 0
========================================================================
Received Import Request.
  Time since last request: 0.009936 seconds.
  path: Assets/Scripts/DeviceDetector.cs
  artifactKey: Guid(2801f688cf50c4946a8d1dda4c4eaa92) Importer(815301076,1909f56bfc062723c751e8b465ee728b)
Start importing Assets/Scripts/DeviceDetector.cs using Guid(2801f688cf50c4946a8d1dda4c4eaa92) Importer(815301076,1909f56bfc062723c751e8b465ee728b)  -> (artifact id: '00000000000000000000000000000000') in 0.000563 seconds
Import Error Code:(4)
Message: Build asset version error: assets/scripts/devicedetector.cs in SourceAssetDB has modification time of '2026-03-12T23:24:42.2430774Z' while content on disk has modification time of '2026-03-12T23:24:56.1440465Z'
  ERROR: Build asset version error: assets/scripts/devicedetector.cs in SourceAssetDB has modification time of '2026-03-12T23:24:42.2430774Z' while content on disk has modification time of '2026-03-12T23:24:56.1440465Z'
Number of updated asset objects reloaded before import = 0
Number of asset objects unloaded after import = 0
========================================================================
Received Import Request.
  Time since last request: 0.000945 seconds.
  path: Assets/Scripts/DeviceDetector.cs
  artifactKey: Guid(2801f688cf50c4946a8d1dda4c4eaa92) Importer(815301076,1909f56bfc062723c751e8b465ee728b)
Start importing Assets/Scripts/DeviceDetector.cs using Guid(2801f688cf50c4946a8d1dda4c4eaa92) Importer(815301076,1909f56bfc062723c751e8b465ee728b)  -> (artifact id: '00000000000000000000000000000000') in 0.000494 seconds
Import Error Code:(4)
Message: Build asset version error: assets/scripts/devicedetector.cs in SourceAssetDB has modification time of '2026-03-12T23:24:42.2430774Z' while content on disk has modification time of '2026-03-12T23:24:56.1440465Z'
  ERROR: Build asset version error: assets/scripts/devicedetector.cs in SourceAssetDB has modification time of '2026-03-12T23:24:42.2430774Z' while content on disk has modification time of '2026-03-12T23:24:56.1440465Z'
Number of updated asset objects reloaded before import = 0
Number of asset objects unloaded after import = 0
========================================================================
Received Import Request.
  Time since last request: 0.008096 seconds.
  path: Assets/Scripts/DeviceDetector.cs
  artifactKey: Guid(2801f688cf50c4946a8d1dda4c4eaa92) Importer(815301076,1909f56bfc062723c751e8b465ee728b)
Start importing Assets/Scripts/DeviceDetector.cs using Guid(2801f688cf50c4946a8d1dda4c4eaa92) Importer(815301076,1909f56bfc062723c751e8b465ee728b)  -> (artifact id: '00000000000000000000000000000000') in 0.000775 seconds
Import Error Code:(4)
Message: Build asset version error: assets/scripts/devicedetector.cs in SourceAssetDB has modification time of '2026-03-12T23:24:42.2430774Z' while content on disk has modification time of '2026-03-12T23:24:56.1440465Z'
  ERROR: Build asset version error: assets/scripts/devicedetector.cs in SourceAssetDB has modification time of '2026-03-12T23:24:42.2430774Z' while content on disk has modification time of '2026-03-12T23:24:56.1440465Z'
Number of updated asset objects reloaded before import = 0
Number of asset objects unloaded after import = 0
========================================================================
Received Import Request.
  Time since last request: 0.008824 seconds.
  path: Assets/Scripts/DeviceDetector.cs
  artifactKey: Guid(2801f688cf50c4946a8d1dda4c4eaa92) Importer(815301076,1909f56bfc062723c751e8b465ee728b)
Start importing Assets/Scripts/DeviceDetector.cs using Guid(2801f688cf50c4946a8d1dda4c4eaa92) Importer(815301076,1909f56bfc062723c751e8b465ee728b)  -> (artifact id: '00000000000000000000000000000000') in 0.000667 seconds
Import Error Code:(4)
Message: Build asset version error: assets/scripts/devicedetector.cs in SourceAssetDB has modification time of '2026-03-12T23:24:42.2430774Z' while content on disk has modification time of '2026-03-12T23:24:56.1440465Z'
  ERROR: Build asset version error: assets/scripts/devicedetector.cs in SourceAssetDB has modification time of '2026-03-12T23:24:42.2430774Z' while content on disk has modification time of '2026-03-12T23:24:56.1440465Z'
Number of updated asset objects reloaded before import = 0
Number of asset objects unloaded after import = 0
========================================================================
Received Import Request.
  Time since last request: 0.002619 seconds.
  path: Assets/Scripts/DeviceDetector.cs
  artifactKey: Guid(2801f688cf50c4946a8d1dda4c4eaa92) Importer(815301076,1909f56bfc062723c751e8b465ee728b)
Start importing Assets/Scripts/DeviceDetector.cs using Guid(2801f688cf50c4946a8d1dda4c4eaa92) Importer(815301076,1909f56bfc062723c751e8b465ee728b)  -> (artifact id: '00000000000000000000000000000000') in 0.000677 seconds
Import Error Code:(4)
Message: Build asset version error: assets/scripts/devicedetector.cs in SourceAssetDB has modification time of '2026-03-12T23:24:42.2430774Z' while content on disk has modification time of '2026-03-12T23:24:56.1440465Z'
  ERROR: Build asset version error: assets/scripts/devicedetector.cs in SourceAssetDB has modification time of '2026-03-12T23:24:42.2430774Z' while content on disk has modification time of '2026-03-12T23:24:56.1440465Z'
Number of updated asset objects reloaded before import = 0
Number of asset objects unloaded after import = 0
========================================================================
Received Import Request.
  Time since last request: 0.012161 seconds.
  path: Assets/Scripts/DeviceDetector.cs
  artifactKey: Guid(2801f688cf50c4946a8d1dda4c4eaa92) Importer(815301076,1909f56bfc062723c751e8b465ee728b)
Start importing Assets/Scripts/DeviceDetector.cs using Guid(2801f688cf50c4946a8d1dda4c4eaa92) Importer(815301076,1909f56bfc062723c751e8b465ee728b)  -> (artifact id: '00000000000000000000000000000000') in 0.000486 seconds
Import Error Code:(4)
Message: Build asset version error: assets/scripts/devicedetector.cs in SourceAssetDB has modification time of '2026-03-12T23:24:42.2430774Z' while content on disk has modification time of '2026-03-12T23:24:56.1440465Z'
  ERROR: Build asset version error: assets/scripts/devicedetector.cs in SourceAssetDB has modification time of '2026-03-12T23:24:42.2430774Z' while content on disk has modification time of '2026-03-12T23:24:56.1440465Z'
Number of updated asset objects reloaded before import = 0
Number of asset objects unloaded after import = 0
========================================================================
Received Import Request.
  Time since last request: 0.004318 seconds.
  path: Assets/Scripts/DeviceDetector.cs
  artifactKey: Guid(2801f688cf50c4946a8d1dda4c4eaa92) Importer(815301076,1909f56bfc062723c751e8b465ee728b)
Start importing Assets/Scripts/DeviceDetector.cs using Guid(2801f688cf50c4946a8d1dda4c4eaa92) Importer(815301076,1909f56bfc062723c751e8b465ee728b)  -> (artifact id: '00000000000000000000000000000000') in 0.000674 seconds
Import Error Code:(4)
Message: Build asset version error: assets/scripts/devicedetector.cs in SourceAssetDB has modification time of '2026-03-12T23:24:42.2430774Z' while content on disk has modification time of '2026-03-12T23:24:56.1440465Z'
  ERROR: Build asset version error: assets/scripts/devicedetector.cs in SourceAssetDB has modification time of '2026-03-12T23:24:42.2430774Z' while content on disk has modification time of '2026-03-12T23:24:56.1440465Z'
Number of updated asset objects reloaded before import = 0
Number of asset objects unloaded after import = 0
========================================================================
Received Import Request.
  Time since last request: 0.009058 seconds.
  path: Assets/Scripts/DeviceDetector.cs
  artifactKey: Guid(2801f688cf50c4946a8d1dda4c4eaa92) Importer(815301076,1909f56bfc062723c751e8b465ee728b)
Start importing Assets/Scripts/DeviceDetector.cs using Guid(2801f688cf50c4946a8d1dda4c4eaa92) Importer(815301076,1909f56bfc062723c751e8b465ee728b)  -> (artifact id: '00000000000000000000000000000000') in 0.000679 seconds
Import Error Code:(4)
Message: Build asset version error: assets/scripts/devicedetector.cs in SourceAssetDB has modification time of '2026-03-12T23:24:42.2430774Z' while content on disk has modification time of '2026-03-12T23:24:56.1440465Z'
  ERROR: Build asset version error: assets/scripts/devicedetector.cs in SourceAssetDB has modification time of '2026-03-12T23:24:42.2430774Z' while content on disk has modification time of '2026-03-12T23:24:56.1440465Z'
Number of updated asset objects reloaded before import = 0
Number of asset objects unloaded after import = 0
========================================================================
Received Import Request.
  Time since last request: 0.007271 seconds.
  path: Assets/Scripts/DeviceDetector.cs
  artifactKey: Guid(2801f688cf50c4946a8d1dda4c4eaa92) Importer(815301076,1909f56bfc062723c751e8b465ee728b)
Start importing Assets/Scripts/DeviceDetector.cs using Guid(2801f688cf50c4946a8d1dda4c4eaa92) Importer(815301076,1909f56bfc062723c751e8b465ee728b)  -> (artifact id: '00000000000000000000000000000000') in 0.000556 seconds
Import Error Code:(4)
Message: Build asset version error: assets/scripts/devicedetector.cs in SourceAssetDB has modification time of '2026-03-12T23:24:42.2430774Z' while content on disk has modification time of '2026-03-12T23:24:56.1440465Z'
  ERROR: Build asset version error: assets/scripts/devicedetector.cs in SourceAssetDB has modification time of '2026-03-12T23:24:42.2430774Z' while content on disk has modification time of '2026-03-12T23:24:56.1440465Z'
Number of updated asset objects reloaded before import = 0
Number of asset objects unloaded after import = 0
========================================================================
Received Import Request.
  Time since last request: 0.008624 seconds.
  path: Assets/Scripts/DeviceDetector.cs
  artifactKey: Guid(2801f688cf50c4946a8d1dda4c4eaa92) Importer(815301076,1909f56bfc062723c751e8b465ee728b)
Start importing Assets/Scripts/DeviceDetector.cs using Guid(2801f688cf50c4946a8d1dda4c4eaa92) Importer(815301076,1909f56bfc062723c751e8b465ee728b)  -> (artifact id: '00000000000000000000000000000000') in 0.000642 seconds
Import Error Code:(4)
Message: Build asset version error: assets/scripts/devicedetector.cs in SourceAssetDB has modification time of '2026-03-12T23:24:42.2430774Z' while content on disk has modification time of '2026-03-12T23:24:56.1440465Z'
  ERROR: Build asset version error: assets/scripts/devicedetector.cs in SourceAssetDB has modification time of '2026-03-12T23:24:42.2430774Z' while content on disk has modification time of '2026-03-12T23:24:56.1440465Z'
Number of updated asset objects reloaded before import = 0
Number of asset objects unloaded after import = 0
========================================================================
Received Import Request.
  Time since last request: 0.009694 seconds.
  path: Assets/Scripts/DeviceDetector.cs
  artifactKey: Guid(2801f688cf50c4946a8d1dda4c4eaa92) Importer(815301076,1909f56bfc062723c751e8b465ee728b)
Start importing Assets/Scripts/DeviceDetector.cs using Guid(2801f688cf50c4946a8d1dda4c4eaa92) Importer(815301076,1909f56bfc062723c751e8b465ee728b)  -> (artifact id: '00000000000000000000000000000000') in 0.000728 seconds
Import Error Code:(4)
Message: Build asset version error: assets/scripts/devicedetector.cs in SourceAssetDB has modification time of '2026-03-12T23:24:42.2430774Z' while content on disk has modification time of '2026-03-12T23:24:56.1440465Z'
  ERROR: Build asset version error: assets/scripts/devicedetector.cs in SourceAssetDB has modification time of '2026-03-12T23:24:42.2430774Z' while content on disk has modification time of '2026-03-12T23:24:56.1440465Z'
Number of updated asset objects reloaded before import = 0
Number of asset objects unloaded after import = 0
========================================================================
Received Import Request.
  Time since last request: 0.007193 seconds.
  path: Assets/Scripts/DeviceDetector.cs
  artifactKey: Guid(2801f688cf50c4946a8d1dda4c4eaa92) Importer(815301076,1909f56bfc062723c751e8b465ee728b)
Start importing Assets/Scripts/DeviceDetector.cs using Guid(2801f688cf50c4946a8d1dda4c4eaa92) Importer(815301076,1909f56bfc062723c751e8b465ee728b)  -> (artifact id: '00000000000000000000000000000000') in 0.000536 seconds
Import Error Code:(4)
Message: Build asset version error: assets/scripts/devicedetector.cs in SourceAssetDB has modification time of '2026-03-12T23:24:42.2430774Z' while content on disk has modification time of '2026-03-12T23:24:56.1440465Z'
  ERROR: Build asset version error: assets/scripts/devicedetector.cs in SourceAssetDB has modification time of '2026-03-12T23:24:42.2430774Z' while content on disk has modification time of '2026-03-12T23:24:56.1440465Z'
Number of updated asset objects reloaded before import = 0
Number of asset objects unloaded after import = 0
========================================================================
Received Import Request.
  Time since last request: 0.009427 seconds.
  path: Assets/Scripts/DeviceDetector.cs
  artifactKey: Guid(2801f688cf50c4946a8d1dda4c4eaa92) Importer(815301076,1909f56bfc062723c751e8b465ee728b)
Start importing Assets/Scripts/DeviceDetector.cs using Guid(2801f688cf50c4946a8d1dda4c4eaa92) Importer(815301076,1909f56bfc062723c751e8b465ee728b)  -> (artifact id: '00000000000000000000000000000000') in 0.000629 seconds
Import Error Code:(4)
Message: Build asset version error: assets/scripts/devicedetector.cs in SourceAssetDB has modification time of '2026-03-12T23:24:42.2430774Z' while content on disk has modification time of '2026-03-12T23:24:56.1440465Z'
  ERROR: Build asset version error: assets/scripts/devicedetector.cs in SourceAssetDB has modification time of '2026-03-12T23:24:42.2430774Z' while content on disk has modification time of '2026-03-12T23:24:56.1440465Z'
Number of updated asset objects reloaded before import = 0
Number of asset objects unloaded after import = 0
========================================================================
Received Import Request.
  Time since last request: 0.010935 seconds.
  path: Assets/Scripts/DeviceDetector.cs
  artifactKey: Guid(2801f688cf50c4946a8d1dda4c4eaa92) Importer(815301076,1909f56bfc062723c751e8b465ee728b)
Start importing Assets/Scripts/DeviceDetector.cs using Guid(2801f688cf50c4946a8d1dda4c4eaa92) Importer(815301076,1909f56bfc062723c751e8b465ee728b)  -> (artifact id: '00000000000000000000000000000000') in 0.000614 seconds
Import Error Code:(4)
Message: Build asset version error: assets/scripts/devicedetector.cs in SourceAssetDB has modification time of '2026-03-12T23:24:42.2430774Z' while content on disk has modification time of '2026-03-12T23:24:56.1440465Z'
  ERROR: Build asset version error: assets/scripts/devicedetector.cs in SourceAssetDB has modification time of '2026-03-12T23:24:42.2430774Z' while content on disk has modification time of '2026-03-12T23:24:56.1440465Z'
Number of updated asset objects reloaded before import = 0
Number of asset objects unloaded after import = 0
========================================================================
Received Import Request.
  Time since last request: 0.009255 seconds.
  path: Assets/Scripts/DeviceDetector.cs
  artifactKey: Guid(2801f688cf50c4946a8d1dda4c4eaa92) Importer(815301076,1909f56bfc062723c751e8b465ee728b)
Start importing Assets/Scripts/DeviceDetector.cs using Guid(2801f688cf50c4946a8d1dda4c4eaa92) Importer(815301076,1909f56bfc062723c751e8b465ee728b)  -> (artifact id: '00000000000000000000000000000000') in 0.000711 seconds
Import Error Code:(4)
Message: Build asset version error: assets/scripts/devicedetector.cs in SourceAssetDB has modification time of '2026-03-12T23:24:42.2430774Z' while content on disk has modification time of '2026-03-12T23:24:56.1440465Z'
  ERROR: Build asset version error: assets/scripts/devicedetector.cs in SourceAssetDB has modification time of '2026-03-12T23:24:42.2430774Z' while content on disk has modification time of '2026-03-12T23:24:56.1440465Z'
Number of updated asset objects reloaded before import = 0
Number of asset objects unloaded after import = 0
========================================================================
Received Import Request.
  Time since last request: 0.008722 seconds.
  path: Assets/Scripts/DeviceDetector.cs
  artifactKey: Guid(2801f688cf50c4946a8d1dda4c4eaa92) Importer(815301076,1909f56bfc062723c751e8b465ee728b)
Start importing Assets/Scripts/DeviceDetector.cs using Guid(2801f688cf50c4946a8d1dda4c4eaa92) Importer(815301076,1909f56bfc062723c751e8b465ee728b)  -> (artifact id: '00000000000000000000000000000000') in 0.000669 seconds
Import Error Code:(4)
Message: Build asset version error: assets/scripts/devicedetector.cs in SourceAssetDB has modification time of '2026-03-12T23:24:42.2430774Z' while content on disk has modification time of '2026-03-12T23:24:56.1440465Z'
  ERROR: Build asset version error: assets/scripts/devicedetector.cs in SourceAssetDB has modification time of '2026-03-12T23:24:42.2430774Z' while content on disk has modification time of '2026-03-12T23:24:56.1440465Z'
Number of updated asset objects reloaded before import = 0
Number of asset objects unloaded after import = 0
========================================================================
Received Import Request.
  Time since last request: 0.009354 seconds.
  path: Assets/Scripts/DeviceDetector.cs
  artifactKey: Guid(2801f688cf50c4946a8d1dda4c4eaa92) Importer(815301076,1909f56bfc062723c751e8b465ee728b)
Start importing Assets/Scripts/DeviceDetector.cs using Guid(2801f688cf50c4946a8d1dda4c4eaa92) Importer(815301076,1909f56bfc062723c751e8b465ee728b)  -> (artifact id: '00000000000000000000000000000000') in 0.000558 seconds
Import Error Code:(4)
Message: Build asset version error: assets/scripts/devicedetector.cs in SourceAssetDB has modification time of '2026-03-12T23:24:42.2430774Z' while content on disk has modification time of '2026-03-12T23:24:56.1440465Z'
  ERROR: Build asset version error: assets/scripts/devicedetector.cs in SourceAssetDB has modification time of '2026-03-12T23:24:42.2430774Z' while content on disk has modification time of '2026-03-12T23:24:56.1440465Z'
Number of updated asset objects reloaded before import = 0
Number of asset objects unloaded after import = 0
========================================================================
Received Import Request.
  Time since last request: 0.007625 seconds.
  path: Assets/Scripts/DeviceDetector.cs
  artifactKey: Guid(2801f688cf50c4946a8d1dda4c4eaa92) Importer(815301076,1909f56bfc062723c751e8b465ee728b)
Start importing Assets/Scripts/DeviceDetector.cs using Guid(2801f688cf50c4946a8d1dda4c4eaa92) Importer(815301076,1909f56bfc062723c751e8b465ee728b)  -> (artifact id: '00000000000000000000000000000000') in 0.002196 seconds
Import Error Code:(4)
Message: Build asset version error: assets/scripts/devicedetector.cs in SourceAssetDB has modification time of '2026-03-12T23:24:42.2430774Z' while content on disk has modification time of '2026-03-12T23:24:56.1440465Z'
  ERROR: Build asset version error: assets/scripts/devicedetector.cs in SourceAssetDB has modification time of '2026-03-12T23:24:42.2430774Z' while content on disk has modification time of '2026-03-12T23:24:56.1440465Z'
Number of updated asset objects reloaded before import = 0
Number of asset objects unloaded after import = 0
========================================================================
Received Import Request.
  Time since last request: 0.009074 seconds.
  path: Assets/Scripts/DeviceDetector.cs
  artifactKey: Guid(2801f688cf50c4946a8d1dda4c4eaa92) Importer(815301076,1909f56bfc062723c751e8b465ee728b)
Start importing Assets/Scripts/DeviceDetector.cs using Guid(2801f688cf50c4946a8d1dda4c4eaa92) Importer(815301076,1909f56bfc062723c751e8b465ee728b)  -> (artifact id: '00000000000000000000000000000000') in 0.000623 seconds
Import Error Code:(4)
Message: Build asset version error: assets/scripts/devicedetector.cs in SourceAssetDB has modification time of '2026-03-12T23:24:42.2430774Z' while content on disk has modification time of '2026-03-12T23:24:56.1440465Z'
  ERROR: Build asset version error: assets/scripts/devicedetector.cs in SourceAssetDB has modification time of '2026-03-12T23:24:42.2430774Z' while content on disk has modification time of '2026-03-12T23:24:56.1440465Z'
Number of updated asset objects reloaded before import = 0
Number of asset objects unloaded after import = 0
========================================================================
Received Import Request.
  Time since last request: 0.009799 seconds.
  path: Assets/Scripts/DeviceDetector.cs
  artifactKey: Guid(2801f688cf50c4946a8d1dda4c4eaa92) Importer(815301076,1909f56bfc062723c751e8b465ee728b)
Start importing Assets/Scripts/DeviceDetector.cs using Guid(2801f688cf50c4946a8d1dda4c4eaa92) Importer(815301076,1909f56bfc062723c751e8b465ee728b)  -> (artifact id: '00000000000000000000000000000000') in 0.000714 seconds
Import Error Code:(4)
Message: Build asset version error: assets/scripts/devicedetector.cs in SourceAssetDB has modification time of '2026-03-12T23:24:42.2430774Z' while content on disk has modification time of '2026-03-12T23:24:56.1440465Z'
  ERROR: Build asset version error: assets/scripts/devicedetector.cs in SourceAssetDB has modification time of '2026-03-12T23:24:42.2430774Z' while content on disk has modification time of '2026-03-12T23:24:56.1440465Z'
Number of updated asset objects reloaded before import = 0
Number of asset objects unloaded after import = 0
========================================================================
Received Import Request.
  Time since last request: 0.013280 seconds.
  path: Assets/Scripts/DeviceDetector.cs
  artifactKey: Guid(2801f688cf50c4946a8d1dda4c4eaa92) Importer(815301076,1909f56bfc062723c751e8b465ee728b)
Start importing Assets/Scripts/DeviceDetector.cs using Guid(2801f688cf50c4946a8d1dda4c4eaa92) Importer(815301076,1909f56bfc062723c751e8b465ee728b)  -> (artifact id: '00000000000000000000000000000000') in 0.000588 seconds
Import Error Code:(4)
Message: Build asset version error: assets/scripts/devicedetector.cs in SourceAssetDB has modification time of '2026-03-12T23:24:42.2430774Z' while content on disk has modification time of '2026-03-12T23:24:56.1440465Z'
  ERROR: Build asset version error: assets/scripts/devicedetector.cs in SourceAssetDB has modification time of '2026-03-12T23:24:42.2430774Z' while content on disk has modification time of '2026-03-12T23:24:56.1440465Z'
Number of updated asset objects reloaded before import = 0
Number of asset objects unloaded after import = 0
========================================================================
Received Import Request.
  Time since last request: 0.007486 seconds.
  path: Assets/Scripts/DeviceDetector.cs
  artifactKey: Guid(2801f688cf50c4946a8d1dda4c4eaa92) Importer(815301076,1909f56bfc062723c751e8b465ee728b)
Start importing Assets/Scripts/DeviceDetector.cs using Guid(2801f688cf50c4946a8d1dda4c4eaa92) Importer(815301076,1909f56bfc062723c751e8b465ee728b)  -> (artifact id: '00000000000000000000000000000000') in 0.000604 seconds
Import Error Code:(4)
Message: Build asset version error: assets/scripts/devicedetector.cs in SourceAssetDB has modification time of '2026-03-12T23:24:42.2430774Z' while content on disk has modification time of '2026-03-12T23:24:56.1440465Z'
  ERROR: Build asset version error: assets/scripts/devicedetector.cs in SourceAssetDB has modification time of '2026-03-12T23:24:42.2430774Z' while content on disk has modification time of '2026-03-12T23:24:56.1440465Z'
Number of updated asset objects reloaded before import = 0
Number of asset objects unloaded after import = 0
========================================================================
Received Import Request.
  Time since last request: 0.010636 seconds.
  path: Assets/Scripts/DeviceDetector.cs
  artifactKey: Guid(2801f688cf50c4946a8d1dda4c4eaa92) Importer(815301076,1909f56bfc062723c751e8b465ee728b)
Start importing Assets/Scripts/DeviceDetector.cs using Guid(2801f688cf50c4946a8d1dda4c4eaa92) Importer(815301076,1909f56bfc062723c751e8b465ee728b)  -> (artifact id: '00000000000000000000000000000000') in 0.000560 seconds
Import Error Code:(4)
Message: Build asset version error: assets/scripts/devicedetector.cs in SourceAssetDB has modification time of '2026-03-12T23:24:42.2430774Z' while content on disk has modification time of '2026-03-12T23:24:56.1440465Z'
  ERROR: Build asset version error: assets/scripts/devicedetector.cs in SourceAssetDB has modification time of '2026-03-12T23:24:42.2430774Z' while content on disk has modification time of '2026-03-12T23:24:56.1440465Z'
Number of updated asset objects reloaded before import = 0
Number of asset objects unloaded after import = 0
========================================================================
Received Prepare
Begin MonoManager ReloadAssembly
Symbol file LoadedFromMemory is not a mono symbol file
- Loaded All Assemblies, in  0.787 seconds
Refreshing native plugins compatible for Editor in 16.77 ms, found 7 plugins.
Native extension for WindowsStandalone target not found
Native extension for Android target not found
Native extension for WebGL target not found
[Package Manager] Server::EnsureServerProcessIsRunning -- launch failed, reason: Unity was launched with the -noUpm command-line argument
[Package Manager] UpmClient::Send -- Unable to send message (not connected to UPM process).
[Package Manager] Cannot connect to Unity Package Manager local server
Mono: successfully reloaded assembly
[Package Manager] Server::EnsureServerProcessIsRunning -- launch failed, reason: Unity was launched with the -noUpm command-line argument
[Package Manager] UpmClient::Send -- Unable to send message (not connected to UPM process).
[Package Manager] Cannot connect to Unity Package Manager local server
- Finished resetting the current domain, in  1.944 seconds
Domain Reload Profiling: 2722ms
	BeginReloadAssembly (216ms)
		ExecutionOrderSort (0ms)
		DisableScriptedObjects (5ms)
		BackupInstance (0ms)
		ReleaseScriptingObjects (0ms)
		CreateAndSetChildDomain (55ms)
	RebuildCommonClasses (39ms)
	RebuildNativeTypeToScriptingClass (12ms)
	initialDomainReloadingComplete (44ms)
	LoadAllAssembliesAndSetupDomain (465ms)
		LoadAssemblies (501ms)
		RebuildTransferFunctionScriptingTraits (0ms)
		AnalyzeDomain (69ms)
			TypeCache.Refresh (15ms)
				TypeCache.ScanAssembly (2ms)
			ScanForSourceGeneratedMonoScriptInfo (39ms)
			ResolveRequiredComponents (13ms)
	FinalizeReload (1944ms)
		ReleaseScriptCaches (0ms)
		RebuildScriptCaches (0ms)
		SetupLoadedEditorAssemblies (793ms)
			LogAssemblyErrors (0ms)
			InitializePlatformSupportModulesInManaged (38ms)
			SetLoadedEditorAssemblies (5ms)
			RefreshPlugins (0ms)
			BeforeProcessingInitializeOnLoad (155ms)
			ProcessInitializeOnLoadAttributes (463ms)
			ProcessInitializeOnLoadMethodAttributes (117ms)
			AfterProcessingInitializeOnLoad (14ms)
			EditorAssembliesLoaded (0ms)
		ExecutionOrderSort2 (0ms)
		AwakeInstancesAfterBackupRestoration (21ms)
Shader 'Clipping': fallback shader 'Transparent' not found
Refreshing native plugins compatible for Editor in 21.42 ms, found 7 plugins.
Preloading 2 native plugins for Editor in 0.17 ms.
Unloading 6611 Unused Serialized files (Serialized files now loaded: 0)
Unloading 75 unused Assets / (1.2 MB). Loaded Objects now: 7565.
Memory consumption went from 212.7 MB to 211.5 MB.
Total: 7.638600 ms (FindLiveObjects: 0.800600 ms CreateObjectMapping: 0.850200 ms MarkObjects: 5.170500 ms  DeleteObjects: 0.816100 ms)

Prepare: number of updated asset objects reloaded= 0
AssetImportParameters requested are different than current active one (requested -> active):
  custom:container-demuxer-ogg: 62fdf1f143b41e24485cea50d1cbac27 -> 
  custom:framework-win-MediaFoundation: 216162199b28c13a410421893ffa2e32 -> 
  custom:container-muxer-webm: aa71ff27fc2769a1b78a27578f13a17b -> 
  custom:video-decoder-webm-vp8: 9c59270c3fd7afecdb556c50c9e8de78 -> 
  custom:SearchIndexIgnoredProperties: e643bd26f0fe6173181afceb89e7c659 -> 
  custom:AudioImporter_EditorPlatform: d09bf68614088b80899f8185d706f6e7 -> 
  custom:audio-decoder-ogg-vorbis: bf7c407c2cedff20999df2af8eb42d56 -> 
  custom:audio-encoder-webm-vorbis: bf7c407c2cedff20999df2af8eb42d56 -> 
  custom:video-decoder-ogg-theora: a1e56fd34408186e4bbccfd4996cb3dc -> 
  custom:CustomObjectIndexerAttribute: 9a22284fe3817be447336de3de66b15e -> 
  custom:container-demuxer-webm: 4f35f7cbe854078d1ac9338744f61a02 -> 
  custom:video-encoder-webm-vp8: eb34c28f22e8b96e1ab97ce403110664 -> 
========================================================================
Received Import Request.
  Time since last request: 9.812705 seconds.
  path: Assets/Scripts/DeviceDetector.cs
  artifactKey: Guid(2801f688cf50c4946a8d1dda4c4eaa92) Importer(815301076,1909f56bfc062723c751e8b465ee728b)
Start importing Assets/Scripts/DeviceDetector.cs using Guid(2801f688cf50c4946a8d1dda4c4eaa92) Importer(815301076,1909f56bfc062723c751e8b465ee728b)  -> (artifact id: '5399aec2250e3ca32d85df2a1dc52a45') in 0.001746 seconds
Number of updated asset objects reloaded before import = 0
Number of asset objects unloaded after import = 0
========================================================================
Received Prepare
Begin MonoManager ReloadAssembly
Symbol file LoadedFromMemory is not a mono symbol file
- Loaded All Assemblies, in  0.792 seconds
Refreshing native plugins compatible for Editor in 16.66 ms, found 7 plugins.
Native extension for WindowsStandalone target not found
Native extension for Android target not found
Native extension for WebGL target not found
[Package Manager] Server::EnsureServerProcessIsRunning -- launch failed, reason: Unity was launched with the -noUpm command-line argument
[Package Manager] UpmClient::Send -- Unable to send message (not connected to UPM process).
[Package Manager] Cannot connect to Unity Package Manager local server
Mono: successfully reloaded assembly
[Package Manager] Server::EnsureServerProcessIsRunning -- launch failed, reason: Unity was launched with the -noUpm command-line argument
[Package Manager] UpmClient::Send -- Unable to send message (not connected to UPM process).
[Package Manager] Cannot connect to Unity Package Manager local server
- Finished resetting the current domain, in  1.990 seconds
Domain Reload Profiling: 2765ms
	BeginReloadAssembly (222ms)
		ExecutionOrderSort (0ms)
		DisableScriptedObjects (5ms)
		BackupInstance (0ms)
		ReleaseScriptingObjects (0ms)
		CreateAndSetChildDomain (59ms)
	RebuildCommonClasses (41ms)
	RebuildNativeTypeToScriptingClass (20ms)
	initialDomainReloadingComplete (51ms)
	LoadAllAssembliesAndSetupDomain (440ms)
		LoadAssemblies (519ms)
		RebuildTransferFunctionScriptingTraits (0ms)
		AnalyzeDomain (30ms)
			TypeCache.Refresh (9ms)
				TypeCache.ScanAssembly (0ms)
			ScanForSourceGeneratedMonoScriptInfo (0ms)
			ResolveRequiredComponents (18ms)
	FinalizeReload (1991ms)
		ReleaseScriptCaches (0ms)
		RebuildScriptCaches (0ms)
		SetupLoadedEditorAssemblies (872ms)
			LogAssemblyErrors (0ms)
			InitializePlatformSupportModulesInManaged (43ms)
			SetLoadedEditorAssemblies (9ms)
			RefreshPlugins (0ms)
			BeforeProcessingInitializeOnLoad (176ms)
			ProcessInitializeOnLoadAttributes (511ms)
			ProcessInitializeOnLoadMethodAttributes (120ms)
			AfterProcessingInitializeOnLoad (14ms)
			EditorAssembliesLoaded (1ms)
		ExecutionOrderSort2 (0ms)
		AwakeInstancesAfterBackupRestoration (17ms)
Shader 'Clipping': fallback shader 'Transparent' not found
Refreshing native plugins compatible for Editor in 23.04 ms, found 7 plugins.
Preloading 2 native plugins for Editor in 0.19 ms.
Unloading 6611 Unused Serialized files (Serialized files now loaded: 0)
Unloading 75 unused Assets / (1.2 MB). Loaded Objects now: 7568.
Memory consumption went from 212.7 MB to 211.5 MB.
Total: 8.069300 ms (FindLiveObjects: 0.749300 ms CreateObjectMapping: 0.826900 ms MarkObjects: 5.586800 ms  DeleteObjects: 0.905400 ms)

Prepare: number of updated asset objects reloaded= 0
AssetImportParameters requested are different than current active one (requested -> active):
  custom:container-demuxer-ogg: 62fdf1f143b41e24485cea50d1cbac27 -> 
  custom:framework-win-MediaFoundation: 216162199b28c13a410421893ffa2e32 -> 
  custom:container-muxer-webm: aa71ff27fc2769a1b78a27578f13a17b -> 
  custom:video-decoder-webm-vp8: 9c59270c3fd7afecdb556c50c9e8de78 -> 
  custom:SearchIndexIgnoredProperties: e643bd26f0fe6173181afceb89e7c659 -> 
  custom:AudioImporter_EditorPlatform: d09bf68614088b80899f8185d706f6e7 -> 
  custom:audio-decoder-ogg-vorbis: bf7c407c2cedff20999df2af8eb42d56 -> 
  custom:audio-encoder-webm-vorbis: bf7c407c2cedff20999df2af8eb42d56 -> 
  custom:video-decoder-ogg-theora: a1e56fd34408186e4bbccfd4996cb3dc -> 
  custom:CustomObjectIndexerAttribute: 9a22284fe3817be447336de3de66b15e -> 
  custom:container-demuxer-webm: 4f35f7cbe854078d1ac9338744f61a02 -> 
  custom:video-encoder-webm-vp8: eb34c28f22e8b96e1ab97ce403110664 -> 
========================================================================
Received Prepare
Begin MonoManager ReloadAssembly
Symbol file LoadedFromMemory is not a mono symbol file
- Loaded All Assemblies, in  0.787 seconds
Refreshing native plugins compatible for Editor in 16.10 ms, found 7 plugins.
Native extension for WindowsStandalone target not found
Native extension for Android target not found
Native extension for WebGL target not found
[Package Manager] Server::EnsureServerProcessIsRunning -- launch failed, reason: Unity was launched with the -noUpm command-line argument
[Package Manager] UpmClient::Send -- Unable to send message (not connected to UPM process).
[Package Manager] Cannot connect to Unity Package Manager local server
Mono: successfully reloaded assembly
[Package Manager] Server::EnsureServerProcessIsRunning -- launch failed, reason: Unity was launched with the -noUpm command-line argument
[Package Manager] UpmClient::Send -- Unable to send message (not connected to UPM process).
[Package Manager] Cannot connect to Unity Package Manager local server
- Finished resetting the current domain, in  1.930 seconds
Domain Reload Profiling: 2708ms
	BeginReloadAssembly (226ms)
		ExecutionOrderSort (0ms)
		DisableScriptedObjects (6ms)
		BackupInstance (0ms)
		ReleaseScriptingObjects (0ms)
		CreateAndSetChildDomain (60ms)
	RebuildCommonClasses (37ms)
	RebuildNativeTypeToScriptingClass (12ms)
	initialDomainReloadingComplete (42ms)
	LoadAllAssembliesAndSetupDomain (460ms)
		LoadAssemblies (509ms)
		RebuildTransferFunctionScriptingTraits (0ms)
		AnalyzeDomain (64ms)
			TypeCache.Refresh (12ms)
				TypeCache.ScanAssembly (1ms)
			ScanForSourceGeneratedMonoScriptInfo (37ms)
			ResolveRequiredComponents (13ms)
	FinalizeReload (1931ms)
		ReleaseScriptCaches (0ms)
		RebuildScriptCaches (0ms)
		SetupLoadedEditorAssemblies (796ms)
			LogAssemblyErrors (0ms)
			InitializePlatformSupportModulesInManaged (40ms)
			SetLoadedEditorAssemblies (8ms)
			RefreshPlugins (0ms)
			BeforeProcessingInitializeOnLoad (155ms)
			ProcessInitializeOnLoadAttributes (474ms)
			ProcessInitializeOnLoadMethodAttributes (106ms)
			AfterProcessingInitializeOnLoad (13ms)
			EditorAssembliesLoaded (0ms)
		ExecutionOrderSort2 (0ms)
		AwakeInstancesAfterBackupRestoration (13ms)
Shader 'Clipping': fallback shader 'Transparent' not found
Refreshing native plugins compatible for Editor in 17.08 ms, found 7 plugins.
Preloading 2 native plugins for Editor in 0.12 ms.
Unloading 6612 Unused Serialized files (Serialized files now loaded: 0)
Unloading 75 unused Assets / (1.2 MB). Loaded Objects now: 7571.
Memory consumption went from 213.0 MB to 211.8 MB.
Total: 6.180800 ms (FindLiveObjects: 0.535700 ms CreateObjectMapping: 0.543700 ms MarkObjects: 4.317300 ms  DeleteObjects: 0.783000 ms)

Prepare: number of updated asset objects reloaded= 0
AssetImportParameters requested are different than current active one (requested -> active):
  custom:container-demuxer-ogg: 62fdf1f143b41e24485cea50d1cbac27 -> 
  custom:framework-win-MediaFoundation: 216162199b28c13a410421893ffa2e32 -> 
  custom:container-muxer-webm: aa71ff27fc2769a1b78a27578f13a17b -> 
  custom:video-decoder-webm-vp8: 9c59270c3fd7afecdb556c50c9e8de78 -> 
  custom:SearchIndexIgnoredProperties: e643bd26f0fe6173181afceb89e7c659 -> 
  custom:AudioImporter_EditorPlatform: d09bf68614088b80899f8185d706f6e7 -> 
  custom:audio-decoder-ogg-vorbis: bf7c407c2cedff20999df2af8eb42d56 -> 
  custom:audio-encoder-webm-vorbis: bf7c407c2cedff20999df2af8eb42d56 -> 
  custom:video-decoder-ogg-theora: a1e56fd34408186e4bbccfd4996cb3dc -> 
  custom:CustomObjectIndexerAttribute: 9a22284fe3817be447336de3de66b15e -> 
  custom:container-demuxer-webm: 4f35f7cbe854078d1ac9338744f61a02 -> 
  custom:video-encoder-webm-vp8: eb34c28f22e8b96e1ab97ce403110664 -> 
========================================================================
Received Prepare
Begin MonoManager ReloadAssembly
Symbol file LoadedFromMemory is not a mono symbol file
- Loaded All Assemblies, in  0.764 seconds
Refreshing native plugins compatible for Editor in 18.20 ms, found 7 plugins.
Native extension for WindowsStandalone target not found
Native extension for Android target not found
Native extension for WebGL target not found
[Package Manager] Server::EnsureServerProcessIsRunning -- launch failed, reason: Unity was launched with the -noUpm command-line argument
[Package Manager] UpmClient::Send -- Unable to send message (not connected to UPM process).
[Package Manager] Cannot connect to Unity Package Manager local server
Mono: successfully reloaded assembly
[Package Manager] Server::EnsureServerProcessIsRunning -- launch failed, reason: Unity was launched with the -noUpm command-line argument
[Package Manager] UpmClient::Send -- Unable to send message (not connected to UPM process).
[Package Manager] Cannot connect to Unity Package Manager local server
- Finished resetting the current domain, in  1.969 seconds
Domain Reload Profiling: 2725ms
	BeginReloadAssembly (202ms)
		ExecutionOrderSort (0ms)
		DisableScriptedObjects (5ms)
		BackupInstance (0ms)
		ReleaseScriptingObjects (0ms)
		CreateAndSetChildDomain (46ms)
	RebuildCommonClasses (43ms)
	RebuildNativeTypeToScriptingClass (17ms)
	initialDomainReloadingComplete (45ms)
	LoadAllAssembliesAndSetupDomain (448ms)
		LoadAssemblies (516ms)
		RebuildTransferFunctionScriptingTraits (0ms)
		AnalyzeDomain (37ms)
			TypeCache.Refresh (11ms)
				TypeCache.ScanAssembly (0ms)
			ScanForSourceGeneratedMonoScriptInfo (0ms)
			ResolveRequiredComponents (23ms)
	FinalizeReload (1970ms)
		ReleaseScriptCaches (0ms)
		RebuildScriptCaches (0ms)
		SetupLoadedEditorAssemblies (858ms)
			LogAssemblyErrors (0ms)
			InitializePlatformSupportModulesInManaged (43ms)
			SetLoadedEditorAssemblies (9ms)
			RefreshPlugins (0ms)
			BeforeProcessingInitializeOnLoad (169ms)
			ProcessInitializeOnLoadAttributes (503ms)
			ProcessInitializeOnLoadMethodAttributes (120ms)
			AfterProcessingInitializeOnLoad (15ms)
			EditorAssembliesLoaded (0ms)
		ExecutionOrderSort2 (0ms)
		AwakeInstancesAfterBackupRestoration (18ms)
Shader 'Clipping': fallback shader 'Transparent' not found
Refreshing native plugins compatible for Editor in 20.36 ms, found 7 plugins.
Preloading 2 native plugins for Editor in 0.12 ms.
Unloading 6612 Unused Serialized files (Serialized files now loaded: 0)
Unloading 75 unused Assets / (1.2 MB). Loaded Objects now: 7574.
Memory consumption went from 213.0 MB to 211.8 MB.
Total: 7.700400 ms (FindLiveObjects: 0.531800 ms CreateObjectMapping: 0.499200 ms MarkObjects: 5.228100 ms  DeleteObjects: 1.440100 ms)

Prepare: number of updated asset objects reloaded= 0
AssetImportParameters requested are different than current active one (requested -> active):
  custom:container-demuxer-ogg: 62fdf1f143b41e24485cea50d1cbac27 -> 
  custom:framework-win-MediaFoundation: 216162199b28c13a410421893ffa2e32 -> 
  custom:container-muxer-webm: aa71ff27fc2769a1b78a27578f13a17b -> 
  custom:video-decoder-webm-vp8: 9c59270c3fd7afecdb556c50c9e8de78 -> 
  custom:SearchIndexIgnoredProperties: e643bd26f0fe6173181afceb89e7c659 -> 
  custom:AudioImporter_EditorPlatform: d09bf68614088b80899f8185d706f6e7 -> 
  custom:audio-decoder-ogg-vorbis: bf7c407c2cedff20999df2af8eb42d56 -> 
  custom:audio-encoder-webm-vorbis: bf7c407c2cedff20999df2af8eb42d56 -> 
  custom:video-decoder-ogg-theora: a1e56fd34408186e4bbccfd4996cb3dc -> 
  custom:CustomObjectIndexerAttribute: 9a22284fe3817be447336de3de66b15e -> 
  custom:container-demuxer-webm: 4f35f7cbe854078d1ac9338744f61a02 -> 
  custom:video-encoder-webm-vp8: eb34c28f22e8b96e1ab97ce403110664 -> 
========================================================================
Received Prepare
Begin MonoManager ReloadAssembly
Symbol file LoadedFromMemory is not a mono symbol file
- Loaded All Assemblies, in  0.788 seconds
Refreshing native plugins compatible for Editor in 16.23 ms, found 7 plugins.
Native extension for WindowsStandalone target not found
Native extension for Android target not found
Native extension for WebGL target not found
[Package Manager] Server::EnsureServerProcessIsRunning -- launch failed, reason: Unity was launched with the -noUpm command-line argument
[Package Manager] UpmClient::Send -- Unable to send message (not connected to UPM process).
[Package Manager] Cannot connect to Unity Package Manager local server
Mono: successfully reloaded assembly
[Package Manager] Server::EnsureServerProcessIsRunning -- launch failed, reason: Unity was launched with the -noUpm command-line argument
[Package Manager] UpmClient::Send -- Unable to send message (not connected to UPM process).
[Package Manager] Cannot connect to Unity Package Manager local server
- Finished resetting the current domain, in  1.946 seconds
Domain Reload Profiling: 2725ms
	BeginReloadAssembly (203ms)
		ExecutionOrderSort (0ms)
		DisableScriptedObjects (5ms)
		BackupInstance (0ms)
		ReleaseScriptingObjects (0ms)
		CreateAndSetChildDomain (56ms)
	RebuildCommonClasses (38ms)
	RebuildNativeTypeToScriptingClass (15ms)
	initialDomainReloadingComplete (47ms)
	LoadAllAssembliesAndSetupDomain (475ms)
		LoadAssemblies (506ms)
		RebuildTransferFunctionScriptingTraits (0ms)
		AnalyzeDomain (65ms)
			TypeCache.Refresh (13ms)
				TypeCache.ScanAssembly (1ms)
			ScanForSourceGeneratedMonoScriptInfo (37ms)
			ResolveRequiredComponents (13ms)
	FinalizeReload (1946ms)
		ReleaseScriptCaches (0ms)
		RebuildScriptCaches (0ms)
		SetupLoadedEditorAssemblies (789ms)
			LogAssemblyErrors (0ms)
			InitializePlatformSupportModulesInManaged (36ms)
			SetLoadedEditorAssemblies (6ms)
			RefreshPlugins (0ms)
			BeforeProcessingInitializeOnLoad (158ms)
			ProcessInitializeOnLoadAttributes (471ms)
			ProcessInitializeOnLoadMethodAttributes (101ms)
			AfterProcessingInitializeOnLoad (15ms)
			EditorAssembliesLoaded (0ms)
		ExecutionOrderSort2 (0ms)
		AwakeInstancesAfterBackupRestoration (17ms)
Shader 'Clipping': fallback shader 'Transparent' not found
Refreshing native plugins compatible for Editor in 21.13 ms, found 7 plugins.
Preloading 2 native plugins for Editor in 0.15 ms.
Unloading 6612 Unused Serialized files (Serialized files now loaded: 0)
Unloading 75 unused Assets / (1.2 MB). Loaded Objects now: 7577.
Memory consumption went from 213.0 MB to 211.8 MB.
Total: 7.135300 ms (FindLiveObjects: 0.565100 ms CreateObjectMapping: 0.678700 ms MarkObjects: 4.692700 ms  DeleteObjects: 1.197200 ms)

Prepare: number of updated asset objects reloaded= 0
AssetImportParameters requested are different than current active one (requested -> active):
  custom:container-demuxer-ogg: 62fdf1f143b41e24485cea50d1cbac27 -> 
  custom:framework-win-MediaFoundation: 216162199b28c13a410421893ffa2e32 -> 
  custom:container-muxer-webm: aa71ff27fc2769a1b78a27578f13a17b -> 
  custom:video-decoder-webm-vp8: 9c59270c3fd7afecdb556c50c9e8de78 -> 
  custom:SearchIndexIgnoredProperties: e643bd26f0fe6173181afceb89e7c659 -> 
  custom:AudioImporter_EditorPlatform: d09bf68614088b80899f8185d706f6e7 -> 
  custom:audio-decoder-ogg-vorbis: bf7c407c2cedff20999df2af8eb42d56 -> 
  custom:audio-encoder-webm-vorbis: bf7c407c2cedff20999df2af8eb42d56 -> 
  custom:video-decoder-ogg-theora: a1e56fd34408186e4bbccfd4996cb3dc -> 
  custom:CustomObjectIndexerAttribute: 9a22284fe3817be447336de3de66b15e -> 
  custom:container-demuxer-webm: 4f35f7cbe854078d1ac9338744f61a02 -> 
  custom:video-encoder-webm-vp8: eb34c28f22e8b96e1ab97ce403110664 -> 
========================================================================
Received Prepare
Begin MonoManager ReloadAssembly
Symbol file LoadedFromMemory is not a mono symbol file
- Loaded All Assemblies, in  0.695 seconds
Refreshing native plugins compatible for Editor in 19.34 ms, found 7 plugins.
Native extension for WindowsStandalone target not found
Native extension for Android target not found
Native extension for WebGL target not found
[Package Manager] Server::EnsureServerProcessIsRunning -- launch failed, reason: Unity was launched with the -noUpm command-line argument
[Package Manager] UpmClient::Send -- Unable to send message (not connected to UPM process).
[Package Manager] Cannot connect to Unity Package Manager local server
Mono: successfully reloaded assembly
[Package Manager] Server::EnsureServerProcessIsRunning -- launch failed, reason: Unity was launched with the -noUpm command-line argument
[Package Manager] UpmClient::Send -- Unable to send message (not connected to UPM process).
[Package Manager] Cannot connect to Unity Package Manager local server
- Finished resetting the current domain, in  1.939 seconds
Domain Reload Profiling: 2626ms
	BeginReloadAssembly (186ms)
		ExecutionOrderSort (0ms)
		DisableScriptedObjects (6ms)
		BackupInstance (0ms)
		ReleaseScriptingObjects (0ms)
		CreateAndSetChildDomain (44ms)
	RebuildCommonClasses (36ms)
	RebuildNativeTypeToScriptingClass (12ms)
	initialDomainReloadingComplete (47ms)
	LoadAllAssembliesAndSetupDomain (405ms)
		LoadAssemblies (473ms)
		RebuildTransferFunctionScriptingTraits (0ms)
		AnalyzeDomain (25ms)
			TypeCache.Refresh (7ms)
				TypeCache.ScanAssembly (0ms)
			ScanForSourceGeneratedMonoScriptInfo (0ms)
			ResolveRequiredComponents (15ms)
	FinalizeReload (1940ms)
		ReleaseScriptCaches (0ms)
		RebuildScriptCaches (0ms)
		SetupLoadedEditorAssemblies (846ms)
			LogAssemblyErrors (0ms)
			InitializePlatformSupportModulesInManaged (37ms)
			SetLoadedEditorAssemblies (5ms)
			RefreshPlugins (0ms)
			BeforeProcessingInitializeOnLoad (165ms)
			ProcessInitializeOnLoadAttributes (508ms)
			ProcessInitializeOnLoadMethodAttributes (116ms)
			AfterProcessingInitializeOnLoad (14ms)
			EditorAssembliesLoaded (0ms)
		ExecutionOrderSort2 (0ms)
		AwakeInstancesAfterBackupRestoration (17ms)
Shader 'Clipping': fallback shader 'Transparent' not found
Refreshing native plugins compatible for Editor in 27.82 ms, found 7 plugins.
Preloading 2 native plugins for Editor in 0.18 ms.
Unloading 6612 Unused Serialized files (Serialized files now loaded: 0)
Unloading 75 unused Assets / (1.2 MB). Loaded Objects now: 7580.
Memory consumption went from 213.0 MB to 211.8 MB.
Total: 8.739700 ms (FindLiveObjects: 0.634700 ms CreateObjectMapping: 0.634700 ms MarkObjects: 6.170900 ms  DeleteObjects: 1.298000 ms)

Prepare: number of updated asset objects reloaded= 0
AssetImportParameters requested are different than current active one (requested -> active):
  custom:container-demuxer-ogg: 62fdf1f143b41e24485cea50d1cbac27 -> 
  custom:framework-win-MediaFoundation: 216162199b28c13a410421893ffa2e32 -> 
  custom:container-muxer-webm: aa71ff27fc2769a1b78a27578f13a17b -> 
  custom:video-decoder-webm-vp8: 9c59270c3fd7afecdb556c50c9e8de78 -> 
  custom:SearchIndexIgnoredProperties: e643bd26f0fe6173181afceb89e7c659 -> 
  custom:AudioImporter_EditorPlatform: d09bf68614088b80899f8185d706f6e7 -> 
  custom:audio-decoder-ogg-vorbis: bf7c407c2cedff20999df2af8eb42d56 -> 
  custom:audio-encoder-webm-vorbis: bf7c407c2cedff20999df2af8eb42d56 -> 
  custom:video-decoder-ogg-theora: a1e56fd34408186e4bbccfd4996cb3dc -> 
  custom:CustomObjectIndexerAttribute: 9a22284fe3817be447336de3de66b15e -> 
  custom:container-demuxer-webm: 4f35f7cbe854078d1ac9338744f61a02 -> 
  custom:video-encoder-webm-vp8: eb34c28f22e8b96e1ab97ce403110664 -> 
========================================================================
Received Prepare
Begin MonoManager ReloadAssembly
Symbol file LoadedFromMemory is not a mono symbol file
- Loaded All Assemblies, in  0.762 seconds
Refreshing native plugins compatible for Editor in 16.49 ms, found 7 plugins.
Native extension for WindowsStandalone target not found
Native extension for Android target not found
Native extension for WebGL target not found
[Package Manager] Server::EnsureServerProcessIsRunning -- launch failed, reason: Unity was launched with the -noUpm command-line argument
[Package Manager] UpmClient::Send -- Unable to send message (not connected to UPM process).
[Package Manager] Cannot connect to Unity Package Manager local server
Mono: successfully reloaded assembly
[Package Manager] Server::EnsureServerProcessIsRunning -- launch failed, reason: Unity was launched with the -noUpm command-line argument
[Package Manager] UpmClient::Send -- Unable to send message (not connected to UPM process).
[Package Manager] Cannot connect to Unity Package Manager local server
- Finished resetting the current domain, in  1.954 seconds
Domain Reload Profiling: 2706ms
	BeginReloadAssembly (206ms)
		ExecutionOrderSort (0ms)
		DisableScriptedObjects (5ms)
		BackupInstance (0ms)
		ReleaseScriptingObjects (0ms)
		CreateAndSetChildDomain (47ms)
	RebuildCommonClasses (41ms)
	RebuildNativeTypeToScriptingClass (12ms)
	initialDomainReloadingComplete (47ms)
	LoadAllAssembliesAndSetupDomain (446ms)
		LoadAssemblies (495ms)
		RebuildTransferFunctionScriptingTraits (0ms)
		AnalyzeDomain (60ms)
			TypeCache.Refresh (12ms)
				TypeCache.ScanAssembly (1ms)
			ScanForSourceGeneratedMonoScriptInfo (32ms)
			ResolveRequiredComponents (15ms)
	FinalizeReload (1954ms)
		ReleaseScriptCaches (0ms)
		RebuildScriptCaches (0ms)
		SetupLoadedEditorAssemblies (814ms)
			LogAssemblyErrors (0ms)
			InitializePlatformSupportModulesInManaged (40ms)
			SetLoadedEditorAssemblies (6ms)
			RefreshPlugins (0ms)
			BeforeProcessingInitializeOnLoad (156ms)
			ProcessInitializeOnLoadAttributes (488ms)
			ProcessInitializeOnLoadMethodAttributes (108ms)
			AfterProcessingInitializeOnLoad (15ms)
			EditorAssembliesLoaded (1ms)
		ExecutionOrderSort2 (0ms)
		AwakeInstancesAfterBackupRestoration (14ms)
Shader 'Clipping': fallback shader 'Transparent' not found
Refreshing native plugins compatible for Editor in 21.39 ms, found 7 plugins.
Preloading 2 native plugins for Editor in 0.13 ms.
Unloading 6612 Unused Serialized files (Serialized files now loaded: 0)
Unloading 75 unused Assets / (1.2 MB). Loaded Objects now: 7583.
Memory consumption went from 213.1 MB to 211.8 MB.
Total: 7.270300 ms (FindLiveObjects: 0.746100 ms CreateObjectMapping: 0.696700 ms MarkObjects: 4.668400 ms  DeleteObjects: 1.158000 ms)

Prepare: number of updated asset objects reloaded= 0
AssetImportParameters requested are different than current active one (requested -> active):
  custom:container-demuxer-ogg: 62fdf1f143b41e24485cea50d1cbac27 -> 
  custom:framework-win-MediaFoundation: 216162199b28c13a410421893ffa2e32 -> 
  custom:container-muxer-webm: aa71ff27fc2769a1b78a27578f13a17b -> 
  custom:video-decoder-webm-vp8: 9c59270c3fd7afecdb556c50c9e8de78 -> 
  custom:SearchIndexIgnoredProperties: e643bd26f0fe6173181afceb89e7c659 -> 
  custom:AudioImporter_EditorPlatform: d09bf68614088b80899f8185d706f6e7 -> 
  custom:audio-decoder-ogg-vorbis: bf7c407c2cedff20999df2af8eb42d56 -> 
  custom:audio-encoder-webm-vorbis: bf7c407c2cedff20999df2af8eb42d56 -> 
  custom:video-decoder-ogg-theora: a1e56fd34408186e4bbccfd4996cb3dc -> 
  custom:CustomObjectIndexerAttribute: 9a22284fe3817be447336de3de66b15e -> 
  custom:container-demuxer-webm: 4f35f7cbe854078d1ac9338744f61a02 -> 
  custom:video-encoder-webm-vp8: eb34c28f22e8b96e1ab97ce403110664 -> 
========================================================================
Received Prepare
Begin MonoManager ReloadAssembly
Symbol file LoadedFromMemory is not a mono symbol file
- Loaded All Assemblies, in  0.763 seconds
Refreshing native plugins compatible for Editor in 16.99 ms, found 7 plugins.
Native extension for WindowsStandalone target not found
Native extension for Android target not found
Native extension for WebGL target not found
[Package Manager] Server::EnsureServerProcessIsRunning -- launch failed, reason: Unity was launched with the -noUpm command-line argument
[Package Manager] UpmClient::Send -- Unable to send message (not connected to UPM process).
[Package Manager] Cannot connect to Unity Package Manager local server
Mono: successfully reloaded assembly
[Package Manager] Server::EnsureServerProcessIsRunning -- launch failed, reason: Unity was launched with the -noUpm command-line argument
[Package Manager] UpmClient::Send -- Unable to send message (not connected to UPM process).
[Package Manager] Cannot connect to Unity Package Manager local server
- Finished resetting the current domain, in  1.982 seconds
Domain Reload Profiling: 2735ms
	BeginReloadAssembly (212ms)
		ExecutionOrderSort (0ms)
		DisableScriptedObjects (5ms)
		BackupInstance (0ms)
		ReleaseScriptingObjects (0ms)
		CreateAndSetChildDomain (45ms)
	RebuildCommonClasses (56ms)
	RebuildNativeTypeToScriptingClass (16ms)
	initialDomainReloadingComplete (51ms)
	LoadAllAssembliesAndSetupDomain (417ms)
		LoadAssemblies (505ms)
		RebuildTransferFunctionScriptingTraits (0ms)
		AnalyzeDomain (29ms)
			TypeCache.Refresh (8ms)
				TypeCache.ScanAssembly (0ms)
			ScanForSourceGeneratedMonoScriptInfo (0ms)
			ResolveRequiredComponents (19ms)
	FinalizeReload (1983ms)
		ReleaseScriptCaches (0ms)
		RebuildScriptCaches (0ms)
		SetupLoadedEditorAssemblies (837ms)
			LogAssemblyErrors (0ms)
			InitializePlatformSupportModulesInManaged (44ms)
			SetLoadedEditorAssemblies (6ms)
			RefreshPlugins (0ms)
			BeforeProcessingInitializeOnLoad (161ms)
			ProcessInitializeOnLoadAttributes (502ms)
			ProcessInitializeOnLoadMethodAttributes (109ms)
			AfterProcessingInitializeOnLoad (15ms)
			EditorAssembliesLoaded (0ms)
		ExecutionOrderSort2 (0ms)
		AwakeInstancesAfterBackupRestoration (16ms)
Shader 'Clipping': fallback shader 'Transparent' not found
Refreshing native plugins compatible for Editor in 24.89 ms, found 7 plugins.
Preloading 2 native plugins for Editor in 0.13 ms.
Unloading 6612 Unused Serialized files (Serialized files now loaded: 0)
Unloading 75 unused Assets / (1.2 MB). Loaded Objects now: 7586.
Memory consumption went from 213.0 MB to 211.8 MB.
Total: 9.172200 ms (FindLiveObjects: 0.641900 ms CreateObjectMapping: 0.691500 ms MarkObjects: 6.550600 ms  DeleteObjects: 1.286500 ms)

Prepare: number of updated asset objects reloaded= 0
AssetImportParameters requested are different than current active one (requested -> active):
  custom:container-demuxer-ogg: 62fdf1f143b41e24485cea50d1cbac27 -> 
  custom:framework-win-MediaFoundation: 216162199b28c13a410421893ffa2e32 -> 
  custom:container-muxer-webm: aa71ff27fc2769a1b78a27578f13a17b -> 
  custom:video-decoder-webm-vp8: 9c59270c3fd7afecdb556c50c9e8de78 -> 
  custom:SearchIndexIgnoredProperties: e643bd26f0fe6173181afceb89e7c659 -> 
  custom:AudioImporter_EditorPlatform: d09bf68614088b80899f8185d706f6e7 -> 
  custom:audio-decoder-ogg-vorbis: bf7c407c2cedff20999df2af8eb42d56 -> 
  custom:audio-encoder-webm-vorbis: bf7c407c2cedff20999df2af8eb42d56 -> 
  custom:video-decoder-ogg-theora: a1e56fd34408186e4bbccfd4996cb3dc -> 
  custom:CustomObjectIndexerAttribute: 9a22284fe3817be447336de3de66b15e -> 
  custom:container-demuxer-webm: 4f35f7cbe854078d1ac9338744f61a02 -> 
  custom:video-encoder-webm-vp8: eb34c28f22e8b96e1ab97ce403110664 -> 
========================================================================
Received Prepare
Begin MonoManager ReloadAssembly
Symbol file LoadedFromMemory is not a mono symbol file
- Loaded All Assemblies, in  0.720 seconds
Refreshing native plugins compatible for Editor in 16.32 ms, found 7 plugins.
Native extension for WindowsStandalone target not found
Native extension for Android target not found
Native extension for WebGL target not found
[Package Manager] Server::EnsureServerProcessIsRunning -- launch failed, reason: Unity was launched with the -noUpm command-line argument
[Package Manager] UpmClient::Send -- Unable to send message (not connected to UPM process).
[Package Manager] Cannot connect to Unity Package Manager local server
Mono: successfully reloaded assembly
[Package Manager] Server::EnsureServerProcessIsRunning -- launch failed, reason: Unity was launched with the -noUpm command-line argument
[Package Manager] UpmClient::Send -- Unable to send message (not connected to UPM process).
[Package Manager] Cannot connect to Unity Package Manager local server
- Finished resetting the current domain, in  1.994 seconds
Domain Reload Profiling: 2703ms
	BeginReloadAssembly (192ms)
		ExecutionOrderSort (0ms)
		DisableScriptedObjects (5ms)
		BackupInstance (0ms)
		ReleaseScriptingObjects (0ms)
		CreateAndSetChildDomain (43ms)
	RebuildCommonClasses (36ms)
	RebuildNativeTypeToScriptingClass (13ms)
	initialDomainReloadingComplete (43ms)
	LoadAllAssembliesAndSetupDomain (424ms)
		LoadAssemblies (495ms)
		RebuildTransferFunctionScriptingTraits (0ms)
		AnalyzeDomain (25ms)
			TypeCache.Refresh (9ms)
				TypeCache.ScanAssembly (0ms)
			ScanForSourceGeneratedMonoScriptInfo (0ms)
			ResolveRequiredComponents (14ms)
	FinalizeReload (1995ms)
		ReleaseScriptCaches (0ms)
		RebuildScriptCaches (0ms)
		SetupLoadedEditorAssemblies (829ms)
			LogAssemblyErrors (0ms)
			InitializePlatformSupportModulesInManaged (41ms)
			SetLoadedEditorAssemblies (5ms)
			RefreshPlugins (0ms)
			BeforeProcessingInitializeOnLoad (157ms)
			ProcessInitializeOnLoadAttributes (494ms)
			ProcessInitializeOnLoadMethodAttributes (116ms)
			AfterProcessingInitializeOnLoad (15ms)
			EditorAssembliesLoaded (0ms)
		ExecutionOrderSort2 (0ms)
		AwakeInstancesAfterBackupRestoration (16ms)
Shader 'Clipping': fallback shader 'Transparent' not found
Refreshing native plugins compatible for Editor in 25.71 ms, found 7 plugins.
Preloading 2 native plugins for Editor in 0.17 ms.
Unloading 6612 Unused Serialized files (Serialized files now loaded: 0)
Unloading 75 unused Assets / (1.2 MB). Loaded Objects now: 7589.
Memory consumption went from 213.1 MB to 211.8 MB.
Total: 8.965700 ms (FindLiveObjects: 0.841900 ms CreateObjectMapping: 0.840900 ms MarkObjects: 5.408000 ms  DeleteObjects: 1.873200 ms)

Prepare: number of updated asset objects reloaded= 0
AssetImportParameters requested are different than current active one (requested -> active):
  custom:container-demuxer-ogg: 62fdf1f143b41e24485cea50d1cbac27 -> 
  custom:framework-win-MediaFoundation: 216162199b28c13a410421893ffa2e32 -> 
  custom:container-muxer-webm: aa71ff27fc2769a1b78a27578f13a17b -> 
  custom:video-decoder-webm-vp8: 9c59270c3fd7afecdb556c50c9e8de78 -> 
  custom:SearchIndexIgnoredProperties: e643bd26f0fe6173181afceb89e7c659 -> 
  custom:AudioImporter_EditorPlatform: d09bf68614088b80899f8185d706f6e7 -> 
  custom:audio-decoder-ogg-vorbis: bf7c407c2cedff20999df2af8eb42d56 -> 
  custom:audio-encoder-webm-vorbis: bf7c407c2cedff20999df2af8eb42d56 -> 
  custom:video-decoder-ogg-theora: a1e56fd34408186e4bbccfd4996cb3dc -> 
  custom:CustomObjectIndexerAttribute: 9a22284fe3817be447336de3de66b15e -> 
  custom:container-demuxer-webm: 4f35f7cbe854078d1ac9338744f61a02 -> 
  custom:video-encoder-webm-vp8: eb34c28f22e8b96e1ab97ce403110664 -> 
========================================================================
Received Prepare
Begin MonoManager ReloadAssembly
Symbol file LoadedFromMemory is not a mono symbol file
- Loaded All Assemblies, in  0.785 seconds
Refreshing native plugins compatible for Editor in 17.05 ms, found 7 plugins.
Native extension for WindowsStandalone target not found
Native extension for Android target not found
Native extension for WebGL target not found
[Package Manager] Server::EnsureServerProcessIsRunning -- launch failed, reason: Unity was launched with the -noUpm command-line argument
[Package Manager] UpmClient::Send -- Unable to send message (not connected to UPM process).
[Package Manager] Cannot connect to Unity Package Manager local server
Mono: successfully reloaded assembly
[Package Manager] Server::EnsureServerProcessIsRunning -- launch failed, reason: Unity was launched with the -noUpm command-line argument
[Package Manager] UpmClient::Send -- Unable to send message (not connected to UPM process).
[Package Manager] Cannot connect to Unity Package Manager local server
- Finished resetting the current domain, in  1.899 seconds
Domain Reload Profiling: 2674ms
	BeginReloadAssembly (206ms)
		ExecutionOrderSort (0ms)
		DisableScriptedObjects (5ms)
		BackupInstance (0ms)
		ReleaseScriptingObjects (0ms)
		CreateAndSetChildDomain (54ms)
	RebuildCommonClasses (36ms)
	RebuildNativeTypeToScriptingClass (15ms)
	initialDomainReloadingComplete (46ms)
	LoadAllAssembliesAndSetupDomain (470ms)
		LoadAssemblies (508ms)
		RebuildTransferFunctionScriptingTraits (0ms)
		AnalyzeDomain (61ms)
			TypeCache.Refresh (15ms)
				TypeCache.ScanAssembly (1ms)
			ScanForSourceGeneratedMonoScriptInfo (28ms)
			ResolveRequiredComponents (15ms)
	FinalizeReload (1900ms)
		ReleaseScriptCaches (0ms)
		RebuildScriptCaches (0ms)
		SetupLoadedEditorAssemblies (763ms)
			LogAssemblyErrors (0ms)
			InitializePlatformSupportModulesInManaged (37ms)
			SetLoadedEditorAssemblies (5ms)
			RefreshPlugins (0ms)
			BeforeProcessingInitializeOnLoad (150ms)
			ProcessInitializeOnLoadAttributes (455ms)
			ProcessInitializeOnLoadMethodAttributes (102ms)
			AfterProcessingInitializeOnLoad (15ms)
			EditorAssembliesLoaded (0ms)
		ExecutionOrderSort2 (0ms)
		AwakeInstancesAfterBackupRestoration (15ms)
Shader 'Clipping': fallback shader 'Transparent' not found
Refreshing native plugins compatible for Editor in 20.40 ms, found 7 plugins.
Preloading 2 native plugins for Editor in 0.13 ms.
Unloading 6612 Unused Serialized files (Serialized files now loaded: 0)
Unloading 75 unused Assets / (1.2 MB). Loaded Objects now: 7592.
Memory consumption went from 213.0 MB to 211.8 MB.
Total: 6.900200 ms (FindLiveObjects: 0.743300 ms CreateObjectMapping: 0.797400 ms MarkObjects: 4.593000 ms  DeleteObjects: 0.765700 ms)

Prepare: number of updated asset objects reloaded= 0
AssetImportParameters requested are different than current active one (requested -> active):
  custom:container-demuxer-ogg: 62fdf1f143b41e24485cea50d1cbac27 -> 
  custom:framework-win-MediaFoundation: 216162199b28c13a410421893ffa2e32 -> 
  custom:container-muxer-webm: aa71ff27fc2769a1b78a27578f13a17b -> 
  custom:video-decoder-webm-vp8: 9c59270c3fd7afecdb556c50c9e8de78 -> 
  custom:SearchIndexIgnoredProperties: e643bd26f0fe6173181afceb89e7c659 -> 
  custom:AudioImporter_EditorPlatform: d09bf68614088b80899f8185d706f6e7 -> 
  custom:audio-decoder-ogg-vorbis: bf7c407c2cedff20999df2af8eb42d56 -> 
  custom:audio-encoder-webm-vorbis: bf7c407c2cedff20999df2af8eb42d56 -> 
  custom:video-decoder-ogg-theora: a1e56fd34408186e4bbccfd4996cb3dc -> 
  custom:CustomObjectIndexerAttribute: 9a22284fe3817be447336de3de66b15e -> 
  custom:container-demuxer-webm: 4f35f7cbe854078d1ac9338744f61a02 -> 
  custom:video-encoder-webm-vp8: eb34c28f22e8b96e1ab97ce403110664 -> 
========================================================================
Received Prepare
Begin MonoManager ReloadAssembly
Symbol file LoadedFromMemory is not a mono symbol file
- Loaded All Assemblies, in  0.725 seconds
Refreshing native plugins compatible for Editor in 18.34 ms, found 7 plugins.
Native extension for WindowsStandalone target not found
Native extension for Android target not found
Native extension for WebGL target not found
[Package Manager] Server::EnsureServerProcessIsRunning -- launch failed, reason: Unity was launched with the -noUpm command-line argument
[Package Manager] UpmClient::Send -- Unable to send message (not connected to UPM process).
[Package Manager] Cannot connect to Unity Package Manager local server
Mono: successfully reloaded assembly
[Package Manager] Server::EnsureServerProcessIsRunning -- launch failed, reason: Unity was launched with the -noUpm command-line argument
[Package Manager] UpmClient::Send -- Unable to send message (not connected to UPM process).
[Package Manager] Cannot connect to Unity Package Manager local server
- Finished resetting the current domain, in  2.003 seconds
Domain Reload Profiling: 2720ms
	BeginReloadAssembly (197ms)
		ExecutionOrderSort (0ms)
		DisableScriptedObjects (5ms)
		BackupInstance (0ms)
		ReleaseScriptingObjects (0ms)
		CreateAndSetChildDomain (46ms)
	RebuildCommonClasses (37ms)
	RebuildNativeTypeToScriptingClass (12ms)
	initialDomainReloadingComplete (43ms)
	LoadAllAssembliesAndSetupDomain (428ms)
		LoadAssemblies (494ms)
		RebuildTransferFunctionScriptingTraits (0ms)
		AnalyzeDomain (32ms)
			TypeCache.Refresh (9ms)
				TypeCache.ScanAssembly (0ms)
			ScanForSourceGeneratedMonoScriptInfo (0ms)
			ResolveRequiredComponents (19ms)
	FinalizeReload (2004ms)
		ReleaseScriptCaches (0ms)
		RebuildScriptCaches (0ms)
		SetupLoadedEditorAssemblies (851ms)
			LogAssemblyErrors (0ms)
			InitializePlatformSupportModulesInManaged (42ms)
			SetLoadedEditorAssemblies (5ms)
			RefreshPlugins (0ms)
			BeforeProcessingInitializeOnLoad (158ms)
			ProcessInitializeOnLoadAttributes (519ms)
			ProcessInitializeOnLoadMethodAttributes (112ms)
			AfterProcessingInitializeOnLoad (14ms)
			EditorAssembliesLoaded (1ms)
		ExecutionOrderSort2 (0ms)
		AwakeInstancesAfterBackupRestoration (17ms)
Shader 'Clipping': fallback shader 'Transparent' not found
Refreshing native plugins compatible for Editor in 21.23 ms, found 7 plugins.
Preloading 2 native plugins for Editor in 0.18 ms.
Unloading 6612 Unused Serialized files (Serialized files now loaded: 0)
Unloading 75 unused Assets / (1.2 MB). Loaded Objects now: 7595.
Memory consumption went from 213.1 MB to 211.8 MB.
Total: 7.996800 ms (FindLiveObjects: 0.747000 ms CreateObjectMapping: 0.647400 ms MarkObjects: 5.724600 ms  DeleteObjects: 0.876400 ms)

Prepare: number of updated asset objects reloaded= 0
AssetImportParameters requested are different than current active one (requested -> active):
  custom:container-demuxer-ogg: 62fdf1f143b41e24485cea50d1cbac27 -> 
  custom:framework-win-MediaFoundation: 216162199b28c13a410421893ffa2e32 -> 
  custom:container-muxer-webm: aa71ff27fc2769a1b78a27578f13a17b -> 
  custom:video-decoder-webm-vp8: 9c59270c3fd7afecdb556c50c9e8de78 -> 
  custom:SearchIndexIgnoredProperties: e643bd26f0fe6173181afceb89e7c659 -> 
  custom:AudioImporter_EditorPlatform: d09bf68614088b80899f8185d706f6e7 -> 
  custom:audio-decoder-ogg-vorbis: bf7c407c2cedff20999df2af8eb42d56 -> 
  custom:audio-encoder-webm-vorbis: bf7c407c2cedff20999df2af8eb42d56 -> 
  custom:video-decoder-ogg-theora: a1e56fd34408186e4bbccfd4996cb3dc -> 
  custom:CustomObjectIndexerAttribute: 9a22284fe3817be447336de3de66b15e -> 
  custom:container-demuxer-webm: 4f35f7cbe854078d1ac9338744f61a02 -> 
  custom:video-encoder-webm-vp8: eb34c28f22e8b96e1ab97ce403110664 -> 
========================================================================
Received Prepare
Begin MonoManager ReloadAssembly
Symbol file LoadedFromMemory is not a mono symbol file
- Loaded All Assemblies, in  0.770 seconds
Refreshing native plugins compatible for Editor in 17.33 ms, found 7 plugins.
Native extension for WindowsStandalone target not found
Native extension for Android target not found
Native extension for WebGL target not found
[Package Manager] Server::EnsureServerProcessIsRunning -- launch failed, reason: Unity was launched with the -noUpm command-line argument
[Package Manager] UpmClient::Send -- Unable to send message (not connected to UPM process).
[Package Manager] Cannot connect to Unity Package Manager local server
Mono: successfully reloaded assembly
[Package Manager] Server::EnsureServerProcessIsRunning -- launch failed, reason: Unity was launched with the -noUpm command-line argument
[Package Manager] UpmClient::Send -- Unable to send message (not connected to UPM process).
[Package Manager] Cannot connect to Unity Package Manager local server
- Finished resetting the current domain, in  1.906 seconds
Domain Reload Profiling: 2668ms
	BeginReloadAssembly (199ms)
		ExecutionOrderSort (0ms)
		DisableScriptedObjects (6ms)
		BackupInstance (0ms)
		ReleaseScriptingObjects (0ms)
		CreateAndSetChildDomain (45ms)
	RebuildCommonClasses (38ms)
	RebuildNativeTypeToScriptingClass (14ms)
	initialDomainReloadingComplete (49ms)
	LoadAllAssembliesAndSetupDomain (461ms)
		LoadAssemblies (488ms)
		RebuildTransferFunctionScriptingTraits (0ms)
		AnalyzeDomain (71ms)
			TypeCache.Refresh (14ms)
				TypeCache.ScanAssembly (2ms)
			ScanForSourceGeneratedMonoScriptInfo (32ms)
			ResolveRequiredComponents (22ms)
	FinalizeReload (1907ms)
		ReleaseScriptCaches (0ms)
		RebuildScriptCaches (0ms)
		SetupLoadedEditorAssemblies (764ms)
			LogAssemblyErrors (0ms)
			InitializePlatformSupportModulesInManaged (38ms)
			SetLoadedEditorAssemblies (5ms)
			RefreshPlugins (0ms)
			BeforeProcessingInitializeOnLoad (152ms)
			ProcessInitializeOnLoadAttributes (441ms)
			ProcessInitializeOnLoadMethodAttributes (115ms)
			AfterProcessingInitializeOnLoad (13ms)
			EditorAssembliesLoaded (0ms)
		ExecutionOrderSort2 (0ms)
		AwakeInstancesAfterBackupRestoration (13ms)
Shader 'Clipping': fallback shader 'Transparent' not found
Refreshing native plugins compatible for Editor in 18.18 ms, found 7 plugins.
Preloading 2 native plugins for Editor in 0.13 ms.
Unloading 6612 Unused Serialized files (Serialized files now loaded: 0)
Unloading 75 unused Assets / (1.2 MB). Loaded Objects now: 7598.
Memory consumption went from 213.1 MB to 211.9 MB.
Total: 5.877000 ms (FindLiveObjects: 0.534400 ms CreateObjectMapping: 0.555600 ms MarkObjects: 4.047400 ms  DeleteObjects: 0.738600 ms)

Prepare: number of updated asset objects reloaded= 0
AssetImportParameters requested are different than current active one (requested -> active):
  custom:container-demuxer-ogg: 62fdf1f143b41e24485cea50d1cbac27 -> 
  custom:framework-win-MediaFoundation: 216162199b28c13a410421893ffa2e32 -> 
  custom:container-muxer-webm: aa71ff27fc2769a1b78a27578f13a17b -> 
  custom:video-decoder-webm-vp8: 9c59270c3fd7afecdb556c50c9e8de78 -> 
  custom:SearchIndexIgnoredProperties: e643bd26f0fe6173181afceb89e7c659 -> 
  custom:AudioImporter_EditorPlatform: d09bf68614088b80899f8185d706f6e7 -> 
  custom:audio-decoder-ogg-vorbis: bf7c407c2cedff20999df2af8eb42d56 -> 
  custom:audio-encoder-webm-vorbis: bf7c407c2cedff20999df2af8eb42d56 -> 
  custom:video-decoder-ogg-theora: a1e56fd34408186e4bbccfd4996cb3dc -> 
  custom:CustomObjectIndexerAttribute: 9a22284fe3817be447336de3de66b15e -> 
  custom:container-demuxer-webm: 4f35f7cbe854078d1ac9338744f61a02 -> 
  custom:video-encoder-webm-vp8: eb34c28f22e8b96e1ab97ce403110664 -> 
========================================================================
Received Prepare
Begin MonoManager ReloadAssembly
Symbol file LoadedFromMemory is not a mono symbol file
- Loaded All Assemblies, in  0.739 seconds
Refreshing native plugins compatible for Editor in 17.73 ms, found 7 plugins.
Native extension for WindowsStandalone target not found
Native extension for Android target not found
Native extension for WebGL target not found
[Package Manager] Server::EnsureServerProcessIsRunning -- launch failed, reason: Unity was launched with the -noUpm command-line argument
[Package Manager] UpmClient::Send -- Unable to send message (not connected to UPM process).
[Package Manager] Cannot connect to Unity Package Manager local server
Mono: successfully reloaded assembly
[Package Manager] Server::EnsureServerProcessIsRunning -- launch failed, reason: Unity was launched with the -noUpm command-line argument
[Package Manager] UpmClient::Send -- Unable to send message (not connected to UPM process).
[Package Manager] Cannot connect to Unity Package Manager local server
- Finished resetting the current domain, in  1.985 seconds
Domain Reload Profiling: 2714ms
	BeginReloadAssembly (197ms)
		ExecutionOrderSort (0ms)
		DisableScriptedObjects (7ms)
		BackupInstance (0ms)
		ReleaseScriptingObjects (0ms)
		CreateAndSetChildDomain (45ms)
	RebuildCommonClasses (52ms)
	RebuildNativeTypeToScriptingClass (12ms)
	initialDomainReloadingComplete (42ms)
	LoadAllAssembliesAndSetupDomain (426ms)
		LoadAssemblies (493ms)
		RebuildTransferFunctionScriptingTraits (0ms)
		AnalyzeDomain (29ms)
			TypeCache.Refresh (11ms)
				TypeCache.ScanAssembly (0ms)
			ScanForSourceGeneratedMonoScriptInfo (0ms)
			ResolveRequiredComponents (16ms)
	FinalizeReload (1985ms)
		ReleaseScriptCaches (0ms)
		RebuildScriptCaches (0ms)
		SetupLoadedEditorAssemblies (851ms)
			LogAssemblyErrors (0ms)
			InitializePlatformSupportModulesInManaged (50ms)
			SetLoadedEditorAssemblies (8ms)
			RefreshPlugins (0ms)
			BeforeProcessingInitializeOnLoad (168ms)
			ProcessInitializeOnLoadAttributes (497ms)
			ProcessInitializeOnLoadMethodAttributes (113ms)
			AfterProcessingInitializeOnLoad (15ms)
			EditorAssembliesLoaded (0ms)
		ExecutionOrderSort2 (0ms)
		AwakeInstancesAfterBackupRestoration (17ms)
Shader 'Clipping': fallback shader 'Transparent' not found
Refreshing native plugins compatible for Editor in 22.06 ms, found 7 plugins.
Preloading 2 native plugins for Editor in 0.17 ms.
Unloading 6612 Unused Serialized files (Serialized files now loaded: 0)
Unloading 75 unused Assets / (1.2 MB). Loaded Objects now: 7601.
Memory consumption went from 213.0 MB to 211.9 MB.
Total: 9.078400 ms (FindLiveObjects: 0.882300 ms CreateObjectMapping: 0.728500 ms MarkObjects: 6.545300 ms  DeleteObjects: 0.921200 ms)

Prepare: number of updated asset objects reloaded= 0
AssetImportParameters requested are different than current active one (requested -> active):
  custom:container-demuxer-ogg: 62fdf1f143b41e24485cea50d1cbac27 -> 
  custom:framework-win-MediaFoundation: 216162199b28c13a410421893ffa2e32 -> 
  custom:container-muxer-webm: aa71ff27fc2769a1b78a27578f13a17b -> 
  custom:video-decoder-webm-vp8: 9c59270c3fd7afecdb556c50c9e8de78 -> 
  custom:SearchIndexIgnoredProperties: e643bd26f0fe6173181afceb89e7c659 -> 
  custom:AudioImporter_EditorPlatform: d09bf68614088b80899f8185d706f6e7 -> 
  custom:audio-decoder-ogg-vorbis: bf7c407c2cedff20999df2af8eb42d56 -> 
  custom:audio-encoder-webm-vorbis: bf7c407c2cedff20999df2af8eb42d56 -> 
  custom:video-decoder-ogg-theora: a1e56fd34408186e4bbccfd4996cb3dc -> 
  custom:CustomObjectIndexerAttribute: 9a22284fe3817be447336de3de66b15e -> 
  custom:container-demuxer-webm: 4f35f7cbe854078d1ac9338744f61a02 -> 
  custom:video-encoder-webm-vp8: eb34c28f22e8b96e1ab97ce403110664 -> 
========================================================================
Received Prepare
Begin MonoManager ReloadAssembly
Symbol file LoadedFromMemory is not a mono symbol file
- Loaded All Assemblies, in  0.811 seconds
Refreshing native plugins compatible for Editor in 16.35 ms, found 7 plugins.
Native extension for WindowsStandalone target not found
Native extension for Android target not found
Native extension for WebGL target not found
[Package Manager] Server::EnsureServerProcessIsRunning -- launch failed, reason: Unity was launched with the -noUpm command-line argument
[Package Manager] UpmClient::Send -- Unable to send message (not connected to UPM process).
[Package Manager] Cannot connect to Unity Package Manager local server
Mono: successfully reloaded assembly
[Package Manager] Server::EnsureServerProcessIsRunning -- launch failed, reason: Unity was launched with the -noUpm command-line argument
[Package Manager] UpmClient::Send -- Unable to send message (not connected to UPM process).
[Package Manager] Cannot connect to Unity Package Manager local server
- Finished resetting the current domain, in  1.799 seconds
Domain Reload Profiling: 2601ms
	BeginReloadAssembly (220ms)
		ExecutionOrderSort (0ms)
		DisableScriptedObjects (7ms)
		BackupInstance (0ms)
		ReleaseScriptingObjects (0ms)
		CreateAndSetChildDomain (51ms)
	RebuildCommonClasses (50ms)
	RebuildNativeTypeToScriptingClass (13ms)
	initialDomainReloadingComplete (43ms)
	LoadAllAssembliesAndSetupDomain (475ms)
		LoadAssemblies (518ms)
		RebuildTransferFunctionScriptingTraits (0ms)
		AnalyzeDomain (68ms)
			TypeCache.Refresh (14ms)
				TypeCache.ScanAssembly (1ms)
			ScanForSourceGeneratedMonoScriptInfo (37ms)
			ResolveRequiredComponents (15ms)
	FinalizeReload (1799ms)
		ReleaseScriptCaches (0ms)
		RebuildScriptCaches (0ms)
		SetupLoadedEditorAssemblies (681ms)
			LogAssemblyErrors (0ms)
			InitializePlatformSupportModulesInManaged (37ms)
			SetLoadedEditorAssemblies (7ms)
			RefreshPlugins (0ms)
			BeforeProcessingInitializeOnLoad (142ms)
			ProcessInitializeOnLoadAttributes (396ms)
			ProcessInitializeOnLoadMethodAttributes (86ms)
			AfterProcessingInitializeOnLoad (13ms)
			EditorAssembliesLoaded (1ms)
		ExecutionOrderSort2 (0ms)
		AwakeInstancesAfterBackupRestoration (16ms)
Shader 'Clipping': fallback shader 'Transparent' not found
Refreshing native plugins compatible for Editor in 15.94 ms, found 7 plugins.
Preloading 2 native plugins for Editor in 0.12 ms.
Unloading 6612 Unused Serialized files (Serialized files now loaded: 0)
Unloading 75 unused Assets / (1.2 MB). Loaded Objects now: 7604.
Memory consumption went from 213.1 MB to 211.9 MB.
Total: 5.685700 ms (FindLiveObjects: 0.558400 ms CreateObjectMapping: 0.573600 ms MarkObjects: 3.776700 ms  DeleteObjects: 0.775900 ms)

Prepare: number of updated asset objects reloaded= 0
AssetImportParameters requested are different than current active one (requested -> active):
  custom:container-demuxer-ogg: 62fdf1f143b41e24485cea50d1cbac27 -> 
  custom:framework-win-MediaFoundation: 216162199b28c13a410421893ffa2e32 -> 
  custom:container-muxer-webm: aa71ff27fc2769a1b78a27578f13a17b -> 
  custom:video-decoder-webm-vp8: 9c59270c3fd7afecdb556c50c9e8de78 -> 
  custom:SearchIndexIgnoredProperties: e643bd26f0fe6173181afceb89e7c659 -> 
  custom:AudioImporter_EditorPlatform: d09bf68614088b80899f8185d706f6e7 -> 
  custom:audio-decoder-ogg-vorbis: bf7c407c2cedff20999df2af8eb42d56 -> 
  custom:audio-encoder-webm-vorbis: bf7c407c2cedff20999df2af8eb42d56 -> 
  custom:video-decoder-ogg-theora: a1e56fd34408186e4bbccfd4996cb3dc -> 
  custom:CustomObjectIndexerAttribute: 9a22284fe3817be447336de3de66b15e -> 
  custom:container-demuxer-webm: 4f35f7cbe854078d1ac9338744f61a02 -> 
  custom:video-encoder-webm-vp8: eb34c28f22e8b96e1ab97ce403110664 -> 
========================================================================
Received Prepare
Begin MonoManager ReloadAssembly
Symbol file LoadedFromMemory is not a mono symbol file
- Loaded All Assemblies, in  0.752 seconds
Refreshing native plugins compatible for Editor in 20.11 ms, found 7 plugins.
Native extension for WindowsStandalone target not found
Native extension for Android target not found
Native extension for WebGL target not found
[Package Manager] Server::EnsureServerProcessIsRunning -- launch failed, reason: Unity was launched with the -noUpm command-line argument
[Package Manager] UpmClient::Send -- Unable to send message (not connected to UPM process).
[Package Manager] Cannot connect to Unity Package Manager local server
Mono: successfully reloaded assembly
[Package Manager] Server::EnsureServerProcessIsRunning -- launch failed, reason: Unity was launched with the -noUpm command-line argument
[Package Manager] UpmClient::Send -- Unable to send message (not connected to UPM process).
[Package Manager] Cannot connect to Unity Package Manager local server
- Finished resetting the current domain, in  1.948 seconds
Domain Reload Profiling: 2689ms
	BeginReloadAssembly (194ms)
		ExecutionOrderSort (0ms)
		DisableScriptedObjects (5ms)
		BackupInstance (0ms)
		ReleaseScriptingObjects (0ms)
		CreateAndSetChildDomain (49ms)
	RebuildCommonClasses (46ms)
	RebuildNativeTypeToScriptingClass (19ms)
	initialDomainReloadingComplete (44ms)
	LoadAllAssembliesAndSetupDomain (437ms)
		LoadAssemblies (493ms)
		RebuildTransferFunctionScriptingTraits (0ms)
		AnalyzeDomain (39ms)
			TypeCache.Refresh (10ms)
				TypeCache.ScanAssembly (0ms)
			ScanForSourceGeneratedMonoScriptInfo (0ms)
			ResolveRequiredComponents (24ms)
	FinalizeReload (1949ms)
		ReleaseScriptCaches (0ms)
		RebuildScriptCaches (0ms)
		SetupLoadedEditorAssemblies (814ms)
			LogAssemblyErrors (0ms)
			InitializePlatformSupportModulesInManaged (43ms)
			SetLoadedEditorAssemblies (6ms)
			RefreshPlugins (0ms)
			BeforeProcessingInitializeOnLoad (155ms)
			ProcessInitializeOnLoadAttributes (480ms)
			ProcessInitializeOnLoadMethodAttributes (115ms)
			AfterProcessingInitializeOnLoad (15ms)
			EditorAssembliesLoaded (1ms)
		ExecutionOrderSort2 (0ms)
		AwakeInstancesAfterBackupRestoration (17ms)
Shader 'Clipping': fallback shader 'Transparent' not found
Refreshing native plugins compatible for Editor in 19.58 ms, found 7 plugins.
Preloading 2 native plugins for Editor in 0.13 ms.
Unloading 6612 Unused Serialized files (Serialized files now loaded: 0)
Unloading 75 unused Assets / (1.2 MB). Loaded Objects now: 7607.
Memory consumption went from 213.0 MB to 211.9 MB.
Total: 7.203600 ms (FindLiveObjects: 0.688400 ms CreateObjectMapping: 0.745700 ms MarkObjects: 4.899200 ms  DeleteObjects: 0.869100 ms)

Prepare: number of updated asset objects reloaded= 0
AssetImportParameters requested are different than current active one (requested -> active):
  custom:container-demuxer-ogg: 62fdf1f143b41e24485cea50d1cbac27 -> 
  custom:framework-win-MediaFoundation: 216162199b28c13a410421893ffa2e32 -> 
  custom:container-muxer-webm: aa71ff27fc2769a1b78a27578f13a17b -> 
  custom:video-decoder-webm-vp8: 9c59270c3fd7afecdb556c50c9e8de78 -> 
  custom:SearchIndexIgnoredProperties: e643bd26f0fe6173181afceb89e7c659 -> 
  custom:AudioImporter_EditorPlatform: d09bf68614088b80899f8185d706f6e7 -> 
  custom:audio-decoder-ogg-vorbis: bf7c407c2cedff20999df2af8eb42d56 -> 
  custom:audio-encoder-webm-vorbis: bf7c407c2cedff20999df2af8eb42d56 -> 
  custom:video-decoder-ogg-theora: a1e56fd34408186e4bbccfd4996cb3dc -> 
  custom:CustomObjectIndexerAttribute: 9a22284fe3817be447336de3de66b15e -> 
  custom:container-demuxer-webm: 4f35f7cbe854078d1ac9338744f61a02 -> 
  custom:video-encoder-webm-vp8: eb34c28f22e8b96e1ab97ce403110664 -> 
========================================================================
Received Prepare
Begin MonoManager ReloadAssembly
Symbol file LoadedFromMemory is not a mono symbol file
- Loaded All Assemblies, in  0.793 seconds
Refreshing native plugins compatible for Editor in 16.74 ms, found 7 plugins.
Native extension for WindowsStandalone target not found
Native extension for Android target not found
Native extension for WebGL target not found
[Package Manager] Server::EnsureServerProcessIsRunning -- launch failed, reason: Unity was launched with the -noUpm command-line argument
[Package Manager] UpmClient::Send -- Unable to send message (not connected to UPM process).
[Package Manager] Cannot connect to Unity Package Manager local server
Mono: successfully reloaded assembly
[Package Manager] Server::EnsureServerProcessIsRunning -- launch failed, reason: Unity was launched with the -noUpm command-line argument
[Package Manager] UpmClient::Send -- Unable to send message (not connected to UPM process).
[Package Manager] Cannot connect to Unity Package Manager local server
- Finished resetting the current domain, in  1.931 seconds
Domain Reload Profiling: 2715ms
	BeginReloadAssembly (226ms)
		ExecutionOrderSort (0ms)
		DisableScriptedObjects (5ms)
		BackupInstance (0ms)
		ReleaseScriptingObjects (0ms)
		CreateAndSetChildDomain (50ms)
	RebuildCommonClasses (35ms)
	RebuildNativeTypeToScriptingClass (13ms)
	initialDomainReloadingComplete (50ms)
	LoadAllAssembliesAndSetupDomain (460ms)
		LoadAssemblies (512ms)
		RebuildTransferFunctionScriptingTraits (0ms)
		AnalyzeDomain (61ms)
			TypeCache.Refresh (13ms)
				TypeCache.ScanAssembly (1ms)
			ScanForSourceGeneratedMonoScriptInfo (27ms)
			ResolveRequiredComponents (18ms)
	FinalizeReload (1932ms)
		ReleaseScriptCaches (0ms)
		RebuildScriptCaches (0ms)
		SetupLoadedEditorAssemblies (801ms)
			LogAssemblyErrors (0ms)
			InitializePlatformSupportModulesInManaged (39ms)
			SetLoadedEditorAssemblies (9ms)
			RefreshPlugins (0ms)
			BeforeProcessingInitializeOnLoad (159ms)
			ProcessInitializeOnLoadAttributes (475ms)
			ProcessInitializeOnLoadMethodAttributes (105ms)
			AfterProcessingInitializeOnLoad (14ms)
			EditorAssembliesLoaded (0ms)
		ExecutionOrderSort2 (0ms)
		AwakeInstancesAfterBackupRestoration (14ms)
Shader 'Clipping': fallback shader 'Transparent' not found
Refreshing native plugins compatible for Editor in 21.84 ms, found 7 plugins.
Preloading 2 native plugins for Editor in 0.13 ms.
Unloading 6612 Unused Serialized files (Serialized files now loaded: 0)
Unloading 75 unused Assets / (1.2 MB). Loaded Objects now: 7610.
Memory consumption went from 213.0 MB to 211.9 MB.
Total: 7.810800 ms (FindLiveObjects: 0.609800 ms CreateObjectMapping: 0.699800 ms MarkObjects: 5.250800 ms  DeleteObjects: 1.249400 ms)

Prepare: number of updated asset objects reloaded= 0
AssetImportParameters requested are different than current active one (requested -> active):
  custom:container-demuxer-ogg: 62fdf1f143b41e24485cea50d1cbac27 -> 
  custom:framework-win-MediaFoundation: 216162199b28c13a410421893ffa2e32 -> 
  custom:container-muxer-webm: aa71ff27fc2769a1b78a27578f13a17b -> 
  custom:video-decoder-webm-vp8: 9c59270c3fd7afecdb556c50c9e8de78 -> 
  custom:SearchIndexIgnoredProperties: e643bd26f0fe6173181afceb89e7c659 -> 
  custom:AudioImporter_EditorPlatform: d09bf68614088b80899f8185d706f6e7 -> 
  custom:audio-decoder-ogg-vorbis: bf7c407c2cedff20999df2af8eb42d56 -> 
  custom:audio-encoder-webm-vorbis: bf7c407c2cedff20999df2af8eb42d56 -> 
  custom:video-decoder-ogg-theora: a1e56fd34408186e4bbccfd4996cb3dc -> 
  custom:CustomObjectIndexerAttribute: 9a22284fe3817be447336de3de66b15e -> 
  custom:container-demuxer-webm: 4f35f7cbe854078d1ac9338744f61a02 -> 
  custom:video-encoder-webm-vp8: eb34c28f22e8b96e1ab97ce403110664 -> 
========================================================================
Received Prepare
Begin MonoManager ReloadAssembly
Symbol file LoadedFromMemory is not a mono symbol file
- Loaded All Assemblies, in  0.754 seconds
Refreshing native plugins compatible for Editor in 16.31 ms, found 7 plugins.
Native extension for WindowsStandalone target not found
Native extension for Android target not found
Native extension for WebGL target not found
[Package Manager] Server::EnsureServerProcessIsRunning -- launch failed, reason: Unity was launched with the -noUpm command-line argument
[Package Manager] UpmClient::Send -- Unable to send message (not connected to UPM process).
[Package Manager] Cannot connect to Unity Package Manager local server
Mono: successfully reloaded assembly
[Package Manager] Server::EnsureServerProcessIsRunning -- launch failed, reason: Unity was launched with the -noUpm command-line argument
[Package Manager] UpmClient::Send -- Unable to send message (not connected to UPM process).
[Package Manager] Cannot connect to Unity Package Manager local server
- Finished resetting the current domain, in  1.980 seconds
Domain Reload Profiling: 2726ms
	BeginReloadAssembly (209ms)
		ExecutionOrderSort (0ms)
		DisableScriptedObjects (5ms)
		BackupInstance (0ms)
		ReleaseScriptingObjects (0ms)
		CreateAndSetChildDomain (51ms)
	RebuildCommonClasses (52ms)
	RebuildNativeTypeToScriptingClass (13ms)
	initialDomainReloadingComplete (44ms)
	LoadAllAssembliesAndSetupDomain (428ms)
		LoadAssemblies (498ms)
		RebuildTransferFunctionScriptingTraits (0ms)
		AnalyzeDomain (31ms)
			TypeCache.Refresh (10ms)
				TypeCache.ScanAssembly (0ms)
			ScanForSourceGeneratedMonoScriptInfo (0ms)
			ResolveRequiredComponents (19ms)
	FinalizeReload (1980ms)
		ReleaseScriptCaches (0ms)
		RebuildScriptCaches (0ms)
		SetupLoadedEditorAssemblies (877ms)
			LogAssemblyErrors (0ms)
			InitializePlatformSupportModulesInManaged (42ms)
			SetLoadedEditorAssemblies (7ms)
			RefreshPlugins (0ms)
			BeforeProcessingInitializeOnLoad (167ms)
			ProcessInitializeOnLoadAttributes (527ms)
			ProcessInitializeOnLoadMethodAttributes (119ms)
			AfterProcessingInitializeOnLoad (15ms)
			EditorAssembliesLoaded (0ms)
		ExecutionOrderSort2 (0ms)
		AwakeInstancesAfterBackupRestoration (13ms)
Shader 'Clipping': fallback shader 'Transparent' not found
Refreshing native plugins compatible for Editor in 21.56 ms, found 7 plugins.
Preloading 2 native plugins for Editor in 0.12 ms.
Unloading 6612 Unused Serialized files (Serialized files now loaded: 0)
Unloading 75 unused Assets / (1.2 MB). Loaded Objects now: 7613.
Memory consumption went from 213.1 MB to 211.9 MB.
Total: 8.995600 ms (FindLiveObjects: 1.005800 ms CreateObjectMapping: 0.991600 ms MarkObjects: 5.895400 ms  DeleteObjects: 1.101500 ms)

Prepare: number of updated asset objects reloaded= 0
AssetImportParameters requested are different than current active one (requested -> active):
  custom:container-demuxer-ogg: 62fdf1f143b41e24485cea50d1cbac27 -> 
  custom:framework-win-MediaFoundation: 216162199b28c13a410421893ffa2e32 -> 
  custom:container-muxer-webm: aa71ff27fc2769a1b78a27578f13a17b -> 
  custom:video-decoder-webm-vp8: 9c59270c3fd7afecdb556c50c9e8de78 -> 
  custom:SearchIndexIgnoredProperties: e643bd26f0fe6173181afceb89e7c659 -> 
  custom:AudioImporter_EditorPlatform: d09bf68614088b80899f8185d706f6e7 -> 
  custom:audio-decoder-ogg-vorbis: bf7c407c2cedff20999df2af8eb42d56 -> 
  custom:audio-encoder-webm-vorbis: bf7c407c2cedff20999df2af8eb42d56 -> 
  custom:video-decoder-ogg-theora: a1e56fd34408186e4bbccfd4996cb3dc -> 
  custom:CustomObjectIndexerAttribute: 9a22284fe3817be447336de3de66b15e -> 
  custom:container-demuxer-webm: 4f35f7cbe854078d1ac9338744f61a02 -> 
  custom:video-encoder-webm-vp8: eb34c28f22e8b96e1ab97ce403110664 -> 
========================================================================
Received Prepare
Begin MonoManager ReloadAssembly
Symbol file LoadedFromMemory is not a mono symbol file
- Loaded All Assemblies, in  0.802 seconds
Refreshing native plugins compatible for Editor in 19.09 ms, found 7 plugins.
Native extension for WindowsStandalone target not found
Native extension for Android target not found
Native extension for WebGL target not found
[Package Manager] Server::EnsureServerProcessIsRunning -- launch failed, reason: Unity was launched with the -noUpm command-line argument
[Package Manager] UpmClient::Send -- Unable to send message (not connected to UPM process).
[Package Manager] Cannot connect to Unity Package Manager local server
Mono: successfully reloaded assembly
[Package Manager] Server::EnsureServerProcessIsRunning -- launch failed, reason: Unity was launched with the -noUpm command-line argument
[Package Manager] UpmClient::Send -- Unable to send message (not connected to UPM process).
[Package Manager] Cannot connect to Unity Package Manager local server
- Finished resetting the current domain, in  2.227 seconds
Domain Reload Profiling: 3019ms
	BeginReloadAssembly (214ms)
		ExecutionOrderSort (0ms)
		DisableScriptedObjects (7ms)
		BackupInstance (0ms)
		ReleaseScriptingObjects (0ms)
		CreateAndSetChildDomain (46ms)
	RebuildCommonClasses (44ms)
	RebuildNativeTypeToScriptingClass (14ms)
	initialDomainReloadingComplete (45ms)
	LoadAllAssembliesAndSetupDomain (474ms)
		LoadAssemblies (520ms)
		RebuildTransferFunctionScriptingTraits (0ms)
		AnalyzeDomain (66ms)
			TypeCache.Refresh (13ms)
				TypeCache.ScanAssembly (1ms)
			ScanForSourceGeneratedMonoScriptInfo (35ms)
			ResolveRequiredComponents (15ms)
	FinalizeReload (2228ms)
		ReleaseScriptCaches (0ms)
		RebuildScriptCaches (0ms)
		SetupLoadedEditorAssemblies (849ms)
			LogAssemblyErrors (0ms)
			InitializePlatformSupportModulesInManaged (39ms)
			SetLoadedEditorAssemblies (6ms)
			RefreshPlugins (0ms)
			BeforeProcessingInitializeOnLoad (151ms)
			ProcessInitializeOnLoadAttributes (514ms)
			ProcessInitializeOnLoadMethodAttributes (122ms)
			AfterProcessingInitializeOnLoad (16ms)
			EditorAssembliesLoaded (1ms)
		ExecutionOrderSort2 (0ms)
		AwakeInstancesAfterBackupRestoration (18ms)
Shader 'Clipping': fallback shader 'Transparent' not found
Refreshing native plugins compatible for Editor in 21.75 ms, found 7 plugins.
Preloading 2 native plugins for Editor in 0.15 ms.
Unloading 6612 Unused Serialized files (Serialized files now loaded: 0)
Unloading 75 unused Assets / (1.2 MB). Loaded Objects now: 7616.
Memory consumption went from 213.1 MB to 211.9 MB.
Total: 7.330300 ms (FindLiveObjects: 0.627000 ms CreateObjectMapping: 0.630500 ms MarkObjects: 5.244500 ms  DeleteObjects: 0.827000 ms)

Prepare: number of updated asset objects reloaded= 0
AssetImportParameters requested are different than current active one (requested -> active):
  custom:container-demuxer-ogg: 62fdf1f143b41e24485cea50d1cbac27 -> 
  custom:framework-win-MediaFoundation: 216162199b28c13a410421893ffa2e32 -> 
  custom:container-muxer-webm: aa71ff27fc2769a1b78a27578f13a17b -> 
  custom:video-decoder-webm-vp8: 9c59270c3fd7afecdb556c50c9e8de78 -> 
  custom:SearchIndexIgnoredProperties: e643bd26f0fe6173181afceb89e7c659 -> 
  custom:AudioImporter_EditorPlatform: d09bf68614088b80899f8185d706f6e7 -> 
  custom:audio-decoder-ogg-vorbis: bf7c407c2cedff20999df2af8eb42d56 -> 
  custom:audio-encoder-webm-vorbis: bf7c407c2cedff20999df2af8eb42d56 -> 
  custom:video-decoder-ogg-theora: a1e56fd34408186e4bbccfd4996cb3dc -> 
  custom:CustomObjectIndexerAttribute: 9a22284fe3817be447336de3de66b15e -> 
  custom:container-demuxer-webm: 4f35f7cbe854078d1ac9338744f61a02 -> 
  custom:video-encoder-webm-vp8: eb34c28f22e8b96e1ab97ce403110664 -> 
========================================================================
Received Prepare
Begin MonoManager ReloadAssembly
Symbol file LoadedFromMemory is not a mono symbol file
- Loaded All Assemblies, in  0.733 seconds
Refreshing native plugins compatible for Editor in 19.35 ms, found 7 plugins.
Native extension for WindowsStandalone target not found
Native extension for Android target not found
Native extension for WebGL target not found
[Package Manager] Server::EnsureServerProcessIsRunning -- launch failed, reason: Unity was launched with the -noUpm command-line argument
[Package Manager] UpmClient::Send -- Unable to send message (not connected to UPM process).
[Package Manager] Cannot connect to Unity Package Manager local server
Mono: successfully reloaded assembly
[Package Manager] Server::EnsureServerProcessIsRunning -- launch failed, reason: Unity was launched with the -noUpm command-line argument
[Package Manager] UpmClient::Send -- Unable to send message (not connected to UPM process).
[Package Manager] Cannot connect to Unity Package Manager local server
- Finished resetting the current domain, in  2.005 seconds
Domain Reload Profiling: 2729ms
	BeginReloadAssembly (212ms)
		ExecutionOrderSort (0ms)
		DisableScriptedObjects (5ms)
		BackupInstance (0ms)
		ReleaseScriptingObjects (0ms)
		CreateAndSetChildDomain (49ms)
	RebuildCommonClasses (36ms)
	RebuildNativeTypeToScriptingClass (12ms)
	initialDomainReloadingComplete (41ms)
	LoadAllAssembliesAndSetupDomain (423ms)
		LoadAssemblies (507ms)
		RebuildTransferFunctionScriptingTraits (0ms)
		AnalyzeDomain (25ms)
			TypeCache.Refresh (8ms)
				TypeCache.ScanAssembly (0ms)
			ScanForSourceGeneratedMonoScriptInfo (0ms)
			ResolveRequiredComponents (15ms)
	FinalizeReload (2005ms)
		ReleaseScriptCaches (0ms)
		RebuildScriptCaches (0ms)
		SetupLoadedEditorAssemblies (830ms)
			LogAssemblyErrors (0ms)
			InitializePlatformSupportModulesInManaged (50ms)
			SetLoadedEditorAssemblies (5ms)
			RefreshPlugins (0ms)
			BeforeProcessingInitializeOnLoad (165ms)
			ProcessInitializeOnLoadAttributes (473ms)
			ProcessInitializeOnLoadMethodAttributes (121ms)
			AfterProcessingInitializeOnLoad (15ms)
			EditorAssembliesLoaded (0ms)
		ExecutionOrderSort2 (0ms)
		AwakeInstancesAfterBackupRestoration (17ms)
Shader 'Clipping': fallback shader 'Transparent' not found
Refreshing native plugins compatible for Editor in 23.12 ms, found 7 plugins.
Preloading 2 native plugins for Editor in 0.13 ms.
Unloading 6612 Unused Serialized files (Serialized files now loaded: 0)
Unloading 75 unused Assets / (1.2 MB). Loaded Objects now: 7619.
Memory consumption went from 213.1 MB to 211.9 MB.
Total: 9.375800 ms (FindLiveObjects: 0.775200 ms CreateObjectMapping: 0.885800 ms MarkObjects: 6.276300 ms  DeleteObjects: 1.437200 ms)

Prepare: number of updated asset objects reloaded= 0
AssetImportParameters requested are different than current active one (requested -> active):
  custom:container-demuxer-ogg: 62fdf1f143b41e24485cea50d1cbac27 -> 
  custom:framework-win-MediaFoundation: 216162199b28c13a410421893ffa2e32 -> 
  custom:container-muxer-webm: aa71ff27fc2769a1b78a27578f13a17b -> 
  custom:video-decoder-webm-vp8: 9c59270c3fd7afecdb556c50c9e8de78 -> 
  custom:SearchIndexIgnoredProperties: e643bd26f0fe6173181afceb89e7c659 -> 
  custom:AudioImporter_EditorPlatform: d09bf68614088b80899f8185d706f6e7 -> 
  custom:audio-decoder-ogg-vorbis: bf7c407c2cedff20999df2af8eb42d56 -> 
  custom:audio-encoder-webm-vorbis: bf7c407c2cedff20999df2af8eb42d56 -> 
  custom:video-decoder-ogg-theora: a1e56fd34408186e4bbccfd4996cb3dc -> 
  custom:CustomObjectIndexerAttribute: 9a22284fe3817be447336de3de66b15e -> 
  custom:container-demuxer-webm: 4f35f7cbe854078d1ac9338744f61a02 -> 
  custom:video-encoder-webm-vp8: eb34c28f22e8b96e1ab97ce403110664 -> 
========================================================================
Received Prepare
Begin MonoManager ReloadAssembly
Symbol file LoadedFromMemory is not a mono symbol file
- Loaded All Assemblies, in  0.780 seconds
Refreshing native plugins compatible for Editor in 16.99 ms, found 7 plugins.
Native extension for WindowsStandalone target not found
Native extension for Android target not found
Native extension for WebGL target not found
[Package Manager] Server::EnsureServerProcessIsRunning -- launch failed, reason: Unity was launched with the -noUpm command-line argument
[Package Manager] UpmClient::Send -- Unable to send message (not connected to UPM process).
[Package Manager] Cannot connect to Unity Package Manager local server
Mono: successfully reloaded assembly
[Package Manager] Server::EnsureServerProcessIsRunning -- launch failed, reason: Unity was launched with the -noUpm command-line argument
[Package Manager] UpmClient::Send -- Unable to send message (not connected to UPM process).
[Package Manager] Cannot connect to Unity Package Manager local server
- Finished resetting the current domain, in  1.853 seconds
Domain Reload Profiling: 2624ms
	BeginReloadAssembly (210ms)
		ExecutionOrderSort (0ms)
		DisableScriptedObjects (5ms)
		BackupInstance (0ms)
		ReleaseScriptingObjects (0ms)
		CreateAndSetChildDomain (52ms)
	RebuildCommonClasses (44ms)
	RebuildNativeTypeToScriptingClass (13ms)
	initialDomainReloadingComplete (42ms)
	LoadAllAssembliesAndSetupDomain (461ms)
		LoadAssemblies (510ms)
		RebuildTransferFunctionScriptingTraits (0ms)
		AnalyzeDomain (57ms)
			TypeCache.Refresh (14ms)
				TypeCache.ScanAssembly (1ms)
			ScanForSourceGeneratedMonoScriptInfo (28ms)
			ResolveRequiredComponents (13ms)
	FinalizeReload (1853ms)
		ReleaseScriptCaches (0ms)
		RebuildScriptCaches (0ms)
		SetupLoadedEditorAssemblies (777ms)
			LogAssemblyErrors (0ms)
			InitializePlatformSupportModulesInManaged (40ms)
			SetLoadedEditorAssemblies (4ms)
			RefreshPlugins (0ms)
			BeforeProcessingInitializeOnLoad (137ms)
			ProcessInitializeOnLoadAttributes (470ms)
			ProcessInitializeOnLoadMethodAttributes (112ms)
			AfterProcessingInitializeOnLoad (13ms)
			EditorAssembliesLoaded (1ms)
		ExecutionOrderSort2 (0ms)
		AwakeInstancesAfterBackupRestoration (15ms)
Shader 'Clipping': fallback shader 'Transparent' not found
Refreshing native plugins compatible for Editor in 22.89 ms, found 7 plugins.
Preloading 2 native plugins for Editor in 0.17 ms.
Unloading 6612 Unused Serialized files (Serialized files now loaded: 0)
Unloading 75 unused Assets / (1.2 MB). Loaded Objects now: 7622.
Memory consumption went from 213.0 MB to 211.9 MB.
Total: 6.729800 ms (FindLiveObjects: 0.563500 ms CreateObjectMapping: 0.592200 ms MarkObjects: 4.762800 ms  DeleteObjects: 0.810000 ms)

Prepare: number of updated asset objects reloaded= 0
AssetImportParameters requested are different than current active one (requested -> active):
  custom:container-demuxer-ogg: 62fdf1f143b41e24485cea50d1cbac27 -> 
  custom:framework-win-MediaFoundation: 216162199b28c13a410421893ffa2e32 -> 
  custom:container-muxer-webm: aa71ff27fc2769a1b78a27578f13a17b -> 
  custom:video-decoder-webm-vp8: 9c59270c3fd7afecdb556c50c9e8de78 -> 
  custom:SearchIndexIgnoredProperties: e643bd26f0fe6173181afceb89e7c659 -> 
  custom:AudioImporter_EditorPlatform: d09bf68614088b80899f8185d706f6e7 -> 
  custom:audio-decoder-ogg-vorbis: bf7c407c2cedff20999df2af8eb42d56 -> 
  custom:audio-encoder-webm-vorbis: bf7c407c2cedff20999df2af8eb42d56 -> 
  custom:video-decoder-ogg-theora: a1e56fd34408186e4bbccfd4996cb3dc -> 
  custom:CustomObjectIndexerAttribute: 9a22284fe3817be447336de3de66b15e -> 
  custom:container-demuxer-webm: 4f35f7cbe854078d1ac9338744f61a02 -> 
  custom:video-encoder-webm-vp8: eb34c28f22e8b96e1ab97ce403110664 -> 
========================================================================
Received Prepare
Begin MonoManager ReloadAssembly
Symbol file LoadedFromMemory is not a mono symbol file
- Loaded All Assemblies, in  0.748 seconds
Refreshing native plugins compatible for Editor in 18.42 ms, found 7 plugins.
Native extension for WindowsStandalone target not found
Native extension for Android target not found
Native extension for WebGL target not found
[Package Manager] Server::EnsureServerProcessIsRunning -- launch failed, reason: Unity was launched with the -noUpm command-line argument
[Package Manager] UpmClient::Send -- Unable to send message (not connected to UPM process).
[Package Manager] Cannot connect to Unity Package Manager local server
Mono: successfully reloaded assembly
[Package Manager] Server::EnsureServerProcessIsRunning -- launch failed, reason: Unity was launched with the -noUpm command-line argument
[Package Manager] UpmClient::Send -- Unable to send message (not connected to UPM process).
[Package Manager] Cannot connect to Unity Package Manager local server
- Finished resetting the current domain, in  1.939 seconds
Domain Reload Profiling: 2679ms
	BeginReloadAssembly (200ms)
		ExecutionOrderSort (0ms)
		DisableScriptedObjects (5ms)
		BackupInstance (0ms)
		ReleaseScriptingObjects (0ms)
		CreateAndSetChildDomain (46ms)
	RebuildCommonClasses (46ms)
	RebuildNativeTypeToScriptingClass (18ms)
	initialDomainReloadingComplete (43ms)
	LoadAllAssembliesAndSetupDomain (433ms)
		LoadAssemblies (502ms)
		RebuildTransferFunctionScriptingTraits (0ms)
		AnalyzeDomain (34ms)
			TypeCache.Refresh (10ms)
				TypeCache.ScanAssembly (0ms)
			ScanForSourceGeneratedMonoScriptInfo (0ms)
			ResolveRequiredComponents (20ms)
	FinalizeReload (1940ms)
		ReleaseScriptCaches (0ms)
		RebuildScriptCaches (0ms)
		SetupLoadedEditorAssemblies (821ms)
			LogAssemblyErrors (0ms)
			InitializePlatformSupportModulesInManaged (42ms)
			SetLoadedEditorAssemblies (6ms)
			RefreshPlugins (0ms)
			BeforeProcessingInitializeOnLoad (164ms)
			ProcessInitializeOnLoadAttributes (482ms)
			ProcessInitializeOnLoadMethodAttributes (112ms)
			AfterProcessingInitializeOnLoad (15ms)
			EditorAssembliesLoaded (1ms)
		ExecutionOrderSort2 (0ms)
		AwakeInstancesAfterBackupRestoration (18ms)
Shader 'Clipping': fallback shader 'Transparent' not found
Refreshing native plugins compatible for Editor in 23.06 ms, found 7 plugins.
Preloading 2 native plugins for Editor in 0.12 ms.
Unloading 6612 Unused Serialized files (Serialized files now loaded: 0)
Unloading 75 unused Assets / (1.3 MB). Loaded Objects now: 7625.
Memory consumption went from 213.1 MB to 211.9 MB.
Total: 8.354300 ms (FindLiveObjects: 0.820800 ms CreateObjectMapping: 0.824300 ms MarkObjects: 5.809800 ms  DeleteObjects: 0.898300 ms)

Prepare: number of updated asset objects reloaded= 0
AssetImportParameters requested are different than current active one (requested -> active):
  custom:container-demuxer-ogg: 62fdf1f143b41e24485cea50d1cbac27 -> 
  custom:framework-win-MediaFoundation: 216162199b28c13a410421893ffa2e32 -> 
  custom:container-muxer-webm: aa71ff27fc2769a1b78a27578f13a17b -> 
  custom:video-decoder-webm-vp8: 9c59270c3fd7afecdb556c50c9e8de78 -> 
  custom:SearchIndexIgnoredProperties: e643bd26f0fe6173181afceb89e7c659 -> 
  custom:AudioImporter_EditorPlatform: d09bf68614088b80899f8185d706f6e7 -> 
  custom:audio-decoder-ogg-vorbis: bf7c407c2cedff20999df2af8eb42d56 -> 
  custom:audio-encoder-webm-vorbis: bf7c407c2cedff20999df2af8eb42d56 -> 
  custom:video-decoder-ogg-theora: a1e56fd34408186e4bbccfd4996cb3dc -> 
  custom:CustomObjectIndexerAttribute: 9a22284fe3817be447336de3de66b15e -> 
  custom:container-demuxer-webm: 4f35f7cbe854078d1ac9338744f61a02 -> 
  custom:video-encoder-webm-vp8: eb34c28f22e8b96e1ab97ce403110664 -> 
========================================================================
Received Import Request.
  Time since last request: 1643.312816 seconds.
  path: Assets
  artifactKey: Guid(00000000000000001000000000000000) Importer(815301076,1909f56bfc062723c751e8b465ee728b)
Start importing Assets using Guid(00000000000000001000000000000000) Importer(815301076,1909f56bfc062723c751e8b465ee728b)  -> (artifact id: 'ae5280ad91af67e2a353905758f96678') in 0.002140 seconds
Number of updated asset objects reloaded before import = 0
Number of asset objects unloaded after import = 0
========================================================================
Received Import Request.
  Time since last request: 4.860925 seconds.
  path: Assets/Prefabs
  artifactKey: Guid(e04fffa2d62c43541939de885248b2f2) Importer(815301076,1909f56bfc062723c751e8b465ee728b)
Start importing Assets/Prefabs using Guid(e04fffa2d62c43541939de885248b2f2) Importer(815301076,1909f56bfc062723c751e8b465ee728b)  -> (artifact id: '675940afa580d7f8b17edd5ba497efbe') in 0.000497 seconds
Number of updated asset objects reloaded before import = 0
Number of asset objects unloaded after import = 0
