{"cameraMode":{"drawMode":0,"name":"Shaded","section":"Shading Mode"},"sceneLighting":false,"audioPlay":false,"sceneViewState":{"m_AlwaysRefresh":false,"showFog":true,"showSkybox":true,"showFlares":true,"showImageEffects":true,"showParticleSystems":true,"showVisualEffectGraphs":true,"m_FxEnabled":true},"in2DMode":false,"pivot":{"x":-1.12557053565979,"y":0.5052011013031006,"z":0.263189435005188},"rotation":{"x":-0.07130090147256851,"y":-0.032005056738853458,"z":0.002289434429258108,"w":-0.9969409108161926},"size":2.8779232501983644,"orthographic":false}