{"cameraMode":{"drawMode":0,"name":"Shaded","section":"Shading Mode"},"sceneLighting":false,"audioPlay":false,"sceneViewState":{"m_AlwaysRefresh":false,"showFog":true,"showSkybox":true,"showFlares":true,"showImageEffects":true,"showParticleSystems":true,"showVisualEffectGraphs":true,"m_FxEnabled":true},"in2DMode":false,"pivot":{"x":-0.04463505744934082,"y":2.9253947734832765,"z":0.00020626187324523926},"rotation":{"x":-0.02008293941617012,"y":0.04198009520769119,"z":0.000844733789563179,"w":0.998923659324646},"size":4.003056049346924,"orthographic":false}